"","x"
"2005/7/7",1.00365486868465
"2005/7/8",1.00389500823369
"2005/7/11",0.99238002535297
"2005/7/12",0.989227109160938
"2005/7/13",0.980249543970972
"2005/7/14",0.979447689856866
"2005/7/15",0.969856006891876
"2005/7/18",0.969657881775593
"2005/7/19",0.970862079801717
"2005/7/20",0.982184289332003
"2005/7/21",0.976401416758311
"2005/7/22",0.990866358525766
"2005/7/25",1.00157709030461
"2005/7/26",1.00393464632433
"2005/7/27",1.00205468999332
"2005/7/28",1.01712078841205
"2005/7/29",1.00965042819022
"2005/8/1",1.01953295175092
"2005/8/2",1.01121944829169
"2005/8/3",1.01688237375076
"2005/8/4",1.02390771237217
"2005/8/5",1.02053220672477
"2005/8/8",1.01621621989496
"2005/8/9",1.02644642304849
"2005/8/10",1.02683545164099
"2005/8/11",1.024755730461
"2005/8/12",1.02160100406575
"2005/8/15",1.04389693195291
"2005/8/16",1.0459196969122
"2005/8/17",1.05244827797306
"2005/8/18",1.03759497847104
"2005/8/19",1.03333964044429
"2005/8/22",1.01562046436234
"2005/8/23",1.01917351607376
"2005/8/24",1.0210743823992
"2005/8/25",1.01283361765033
"2005/8/26",1.02115929982913
"2005/8/29",1.01127075623216
"2005/8/30",1.01279657173273
"2005/8/31",1.00856287166108
"2005/9/1",1.01348644418074
"2005/9/2",1.00766412859617
"2005/9/5",1.0114468891333
"2005/9/6",1.00962584694691
"2005/9/7",1.00451664031206
"2005/9/8",1.00914840619811
"2005/9/9",1.00637495782308
"2005/9/12",1.00854245652992
"2005/9/13",1.00906430348689
"2005/9/14",1.00424864913399
"2005/9/15",1.00457923087669
"2005/9/16",1.00233978215746
"2005/9/19",1.00206429682842
"2005/9/20",0.995022727403471
"2005/9/21",0.993112248749072
"2005/9/22",1.00254538472221
"2005/9/23",1.00371979430184
"2005/9/26",0.999822589319788
"2005/9/27",1.00550258561754
"2005/9/28",1.00445471766132
"2005/9/29",1.01086421170509
"2005/9/30",1.0170169334463
"2005/10/10",1.05604066265078
"2005/10/11",1.06156747097973
"2005/10/12",1.08901922223268
"2005/10/13",1.07368962401713
"2005/10/14",1.05849165606084
"2005/10/17",1.07835982731456
"2005/10/18",1.08633493754416
"2005/10/19",1.06231468172147
"2005/10/20",1.0686054097714
"2005/10/21",1.05672271324861
"2005/10/24",1.07347157148327
"2005/10/25",1.07007407940507
"2005/10/26",1.06189174672511
"2005/10/27",1.04895633241129
"2005/10/28",1.04737370997045
"2005/10/31",1.04062437714605
"2005/11/1",1.0359704925525
"2005/11/2",1.04660642807393
"2005/11/3",1.04215047104373
"2005/11/4",1.04373484986697
"2005/11/7",1.0523712727028
"2005/11/8",1.04830349309864
"2005/11/9",1.04736607433664
"2005/11/10",1.04206724584486
"2005/11/11",1.04443234558765
"2005/11/14",1.04878029589596
"2005/11/15",1.04784887398585
"2005/11/16",1.04653845843336
"2005/11/17",1.04998702457183
"2005/11/18",1.06182018819063
"2005/11/21",1.06421242210345
"2005/11/22",1.05219406869837
"2005/11/23",1.04458983239023
"2005/11/24",1.05270668135758
"2005/11/25",1.06515346328021
"2005/11/28",1.07553567177978
"2005/11/29",1.07056551519442
"2005/11/30",1.06796999211676
"2005/12/1",1.07236509448857
"2005/12/2",1.08640902742958
"2005/12/5",1.09381483818422
"2005/12/6",1.09560864087584
"2005/12/7",1.10246630730271
"2005/12/8",1.10677493584416
"2005/12/9",1.11758584553688
"2005/12/12",1.12994930850881
"2005/12/13",1.11382540183303
"2005/12/14",1.11660265796701
"2005/12/15",1.09688422507059
"2005/12/16",1.09302334855899
"2005/12/19",1.10483340009192
"2005/12/20",1.09831774682135
"2005/12/21",1.09786715806291
"2005/12/22",1.10943858183108
"2005/12/23",1.11397872020106
"2005/12/26",1.13144565843255
"2005/12/27",1.12999035222257
"2005/12/28",1.1322788514335
"2005/12/29",1.12177599273597
"2005/12/30",1.1226337653638
"2006/1/4",1.13693049063444
"2006/1/5",1.13432781750158
"2006/1/6",1.14245856943498
"2006/1/9",1.13929180939458
"2006/1/10",1.09174427422841
"2006/1/11",1.03988998829557
"2006/1/12",1.05865352119019
"2006/1/13",1.14747864246618
"2006/1/16",1.04866731916407
"2006/1/17",1.05463810640706
"2006/1/18",1.05378272250142
"2006/1/19",1.05477838993237
"2006/1/20",1.07386692446915
"2006/1/23",1.08803307465016
"2006/1/24",1.11995398134753
"2006/1/25",1.13760957335393
"2006/2/6",1.23906940994987
"2006/2/7",1.2463713093034
"2006/2/8",1.14737829773538
"2006/2/9",1.16478167706772
"2006/2/10",1.13738339667406
"2006/2/13",1.11667492237451
"2006/2/14",1.1125067426505
"2006/2/15",1.11757906942358
"2006/2/16",1.09758792063662
"2006/2/17",1.07645184409292
"2006/2/20",1.07978962422962
"2006/2/21",1.08758722975358
"2006/2/22",1.09365242889575
"2006/2/23",1.08855144711961
"2006/2/24",1.09550833595698
"2006/2/27",1.09646395680819
"2006/2/28",1.09310222085269
"2006/3/1",1.09581736828127
"2006/3/2",1.10212633849858
"2006/3/3",1.10944303850094
"2006/3/6",1.11272290058691
"2006/3/7",1.09882280203085
"2006/3/8",1.09799525730582
"2006/3/9",1.08976807018563
"2006/3/10",1.09251748030402
"2006/3/13",1.09450301784001
"2006/3/14",1.1017984648869
"2006/3/15",1.10069602766824
"2006/3/16",1.09569082222797
"2006/3/17",1.10057215592158
"2006/3/20",1.10685435303761
"2006/3/21",1.11426475838914
"2006/3/22",1.11307498208757
"2006/3/23",1.11839514902252
"2006/3/24",1.11637625664603
"2006/3/27",1.11095115652525
"2006/3/28",1.11016614482247
"2006/3/29",1.1030316239882
"2006/3/30",1.10444810784634
"2006/3/31",1.10698233555791
"2006/4/3",1.1230464252011
"2006/4/4",1.12665115054624
"2006/4/5",1.1324909851277
"2006/4/6",1.13442424542179
"2006/4/7",1.14889712249139
"2006/4/10",1.16874166996028
"2006/4/11",1.16946546044038
"2006/4/12",1.15932629523368
"2006/4/13",1.17622740879952
"2006/4/14",1.18178183486659
"2006/4/17",1.17981588509182
"2006/4/18",1.17532305530356
"2006/4/19",1.17360645656757
"2006/4/20",1.17733635467455
"2006/4/21",1.18285061437365
"2006/4/24",1.18208536432289
"2006/4/25",1.19288253497608
"2006/4/26",1.20449249743089
"2006/4/27",1.20455970411111
"2006/4/28",1.20552685713557
"2006/5/8",1.21507951342628
"2006/5/9",1.21992874458136
"2006/5/10",1.24603235984938
"2006/5/11",1.25321453317805
"2006/5/12",1.2639086963729
"2006/5/15",1.27169572152985
"2006/5/16",1.22466523657691
"2006/5/17",1.22868936895226
"2006/5/18",1.21369274973001
"2006/5/19",1.21832411161075
"2006/5/22",1.19131851638017
"2006/5/23",1.18142920910229
"2006/5/24",1.18995817753816
"2006/5/25",1.19826380340908
"2006/5/26",1.20103826938223
"2006/5/29",1.21675890517899
"2006/5/30",1.21352049083248
"2006/5/31",1.20309709590407
"2006/6/1",1.19968696517491
"2006/6/2",1.18517433806932
"2006/6/5",1.17914487122724
"2006/6/6",1.1730783964431
"2006/6/7",1.16888800924126
"2006/6/8",1.1681417579618
"2006/6/9",1.16640015792162
"2006/6/12",1.17220168125265
"2006/6/13",1.17493022756795
"2006/6/14",1.18288714964088
"2006/6/15",1.18967009215449
"2006/6/16",1.1826192057655
"2006/6/19",1.21850422784888
"2006/6/20",1.2119963117995
"2006/6/21",1.20000157600358
"2006/6/22",1.19207846414594
"2006/6/23",1.20177040782447
"2006/6/26",1.20803940433185
"2006/6/27",1.20785890358278
"2006/6/28",1.22503206481607
"2006/6/29",1.22118277939663
"2006/6/30",1.20333882135344
"2006/7/3",1.20801057901202
"2006/7/4",1.21248029514968
"2006/7/5",1.21400732096099
"2006/7/6",1.21356797095692
"2006/7/7",1.21857902623749
"2006/7/10",1.23559490548494
"2006/7/11",1.23371112972277
"2006/7/12",1.23826024981019
"2006/7/13",1.23696649834673
"2006/7/14",1.24844495538282
"2006/7/17",1.26074324179632
"2006/7/18",1.2640521616766
"2006/7/19",1.25779875476755
"2006/7/20",1.26524035381927
"2006/7/21",1.28360934685505
"2006/7/24",1.28760800847972
"2006/7/25",1.28826202822551
"2006/7/26",1.29633217469337
"2006/7/27",1.30315426436174
"2006/7/28",1.3075845322063
"2006/7/31",1.29132937216734
"2006/8/1",1.30967593662358
"2006/8/2",1.28843954390315
"2006/8/3",1.2938550642463
"2006/8/4",1.28558144371377
"2006/8/7",1.29764803032801
"2006/8/8",1.29869941445219
"2006/8/9",1.30142129002323
"2006/8/10",1.29767475181993
"2006/8/11",1.30022563726071
"2006/8/14",1.31681539299983
"2006/8/15",1.33271569392608
"2006/8/16",1.33105419567985
"2006/8/17",1.3262010366912
"2006/8/18",1.3110929542684
"2006/8/21",1.32130002817725
"2006/8/22",1.32104653962123
"2006/8/23",1.32276605962084
"2006/8/24",1.32116794924874
"2006/8/25",1.32391499740457
"2006/8/28",1.32838869993051
"2006/8/29",1.34755255756601
"2006/8/30",1.36645981284191
"2006/8/31",1.36776443902421
"2006/9/1",1.34344366246388
"2006/9/4",1.3641978866204
"2006/9/5",1.35969242975591
"2006/9/6",1.3619589276912
"2006/9/7",1.36954978405014
"2006/9/8",1.35001251237641
"2006/9/11",1.35131919254508
"2006/9/12",1.34099747758743
"2006/9/13",1.33476361532719
"2006/9/14",1.32366484828591
"2006/9/15",1.316950118821
"2006/9/18",1.31019320479113
"2006/9/19",1.31136089325711
"2006/9/20",1.31931916221071
"2006/9/21",1.31675393216799
"2006/9/22",1.32615418149248
"2006/9/25",1.32942219214728
"2006/9/26",1.31184060721579
"2006/9/27",1.31182716796059
"2006/9/28",1.31652065324818
"2006/9/29",1.3124964264416
"2006/10/9",1.31123204996259
"2006/10/10",1.30698745843866
"2006/10/11",1.31189664952219
"2006/10/12",1.31586560413099
"2006/10/13",1.30729514182899
"2006/10/16",1.30197931961692
"2006/10/17",1.30629213366364
"2006/10/18",1.30608380075892
"2006/10/19",1.30939291988435
"2006/10/20",1.31181841751016
"2006/10/23",1.30519959925447
"2006/10/24",1.29920518879934
"2006/10/25",1.29696718622942
"2006/10/26",1.30200310188012
"2006/10/27",1.30907472325982
"2006/10/30",1.30797554920557
"2006/10/31",1.29631796200063
"2006/11/1",1.30028784965209
"2006/11/2",1.30945171355485
"2006/11/3",1.30467054324593
"2006/11/6",1.30643448112899
"2006/11/7",1.30411917716489
"2006/11/8",1.31443903885631
"2006/11/9",1.31540989908955
"2006/11/10",1.31426060129214
"2006/11/13",1.33476166004483
"2006/11/14",1.3392527306837
"2006/11/15",1.37308984495863
"2006/11/16",1.37715472566258
"2006/11/17",1.37546534640199
"2006/11/20",1.39860494123004
"2006/11/21",1.38769928616649
"2006/11/22",1.37218890488929
"2006/11/23",1.35910429582292
"2006/11/24",1.3614681694875
"2006/11/27",1.37084818421389
"2006/11/28",1.36734306747642
"2006/11/29",1.34805448545456
"2006/11/30",1.3581168665958
"2006/12/1",1.34562285898929
"2006/12/4",1.34067338138199
"2006/12/5",1.33849139255307
"2006/12/6",1.33718948932218
"2006/12/7",1.33139484158842
"2006/12/8",1.33003250876152
"2006/12/11",1.33356441921463
"2006/12/12",1.33767673901256
"2006/12/13",1.33597066142759
"2006/12/14",1.3378205925171
"2006/12/15",1.33839916037134
"2006/12/18",1.33701696538408
"2006/12/19",1.33773255069508
"2006/12/20",1.3665107518547
"2006/12/21",1.3535060085535
"2006/12/22",1.36101042828425
"2006/12/25",1.40235074609842
"2006/12/26",1.40774699179578
"2006/12/27",1.38993181516373
"2006/12/28",1.37796889225841
"2006/12/29",1.3733247898381
"2007/1/4",1.3269832055239
"2007/1/5",1.32954377835642
"2007/1/8",1.33394675392893
"2007/1/9",1.32187804286562
"2007/1/10",1.31962157220975
"2007/1/11",1.31810484396779
"2007/1/12",1.32700021534536
"2007/1/15",1.31307400475206
"2007/1/16",1.31901260192921
"2007/1/17",1.32209657121094
"2007/1/18",1.33041003451627
"2007/1/19",1.33656136101362
"2007/1/22",1.34317933665408
"2007/1/23",1.34252133345925
"2007/1/24",1.32815415717767
"2007/1/25",1.32796194626244
"2007/1/26",1.32340864215462
"2007/1/29",1.32535095358337
"2007/1/30",1.32803672395049
"2007/1/31",1.31881571354176
"2007/2/1",1.31289717379818
"2007/2/2",1.31483299134019
"2007/2/5",1.3267769018415
"2007/2/6",1.32592396102998
"2007/2/7",1.32581292419182
"2007/2/8",1.32429429295674
"2007/2/9",1.32158991571731
"2007/2/12",1.31654944569316
"2007/2/13",1.31619977187434
"2007/2/14",1.3118038315736
"2007/2/15",1.31145048334419
"2007/2/16",1.32209369997034
"2007/2/26",1.33318967080265
"2007/2/27",1.32181035755352
"2007/2/28",1.32745027282382
"2007/3/1",1.32291226630586
"2007/3/2",1.31875170110251
"2007/3/5",1.31249828400065
"2007/3/6",1.31449928585061
"2007/3/7",1.30735019694895
"2007/3/8",1.31366377450806
"2007/3/9",1.31466794234991
"2007/3/12",1.31953857408361
"2007/3/13",1.31646037676521
"2007/3/14",1.31545317501009
"2007/3/15",1.31576952205982
"2007/3/16",1.31673022562538
"2007/3/19",1.3283966027732
"2007/3/20",1.33515186713729
"2007/3/21",1.33470218711502
"2007/3/22",1.33619823679099
"2007/3/23",1.33995428600154
"2007/3/26",1.34693037058508
"2007/3/27",1.34572535878695
"2007/3/28",1.32542503699948
"2007/3/29",1.29677615990541
"2007/3/30",1.28740836973327
"2007/4/2",1.28256993697081
"2007/4/3",1.26927051030069
"2007/4/4",1.26304014831479
"2007/4/5",1.22951465760001
"2007/4/6",1.25006885081627
"2007/4/9",1.26614850138938
"2007/4/10",1.2642391572403
"2007/4/11",1.25668439842917
"2007/4/12",1.2823901633466
"2007/4/13",1.26574176524693
"2007/4/16",1.30268865138218
"2007/4/17",1.30935744639934
"2007/4/18",1.35281084384113
"2007/4/19",1.32116641239643
"2007/4/20",1.31847243056886
"2007/4/23",1.31698705768571
"2007/4/24",1.33845231087992
"2007/4/25",1.31749084849379
"2007/4/26",1.30949039466178
"2007/4/27",1.30472108533123
"2007/4/30",1.31713550155133
"2007/5/8",1.33524622888488
"2007/5/9",1.32866446187703
"2007/5/10",1.34205980796653
"2007/5/11",1.32433988882357
"2007/5/14",1.31892728742696
"2007/5/15",1.31708439990833
"2007/5/16",1.31017023828127
"2007/5/17",1.28699437138878
"2007/5/18",1.29492428588973
"2007/5/21",1.27443107665195
"2007/5/22",1.2621394664003
"2007/5/23",1.26709213150338
"2007/5/24",1.27813079747978
"2007/5/25",1.28196049761729
"2007/5/28",1.27512116306758
"2007/5/29",1.26223532563824
"2007/5/30",1.25930700014362
"2007/5/31",1.24819803269598
"2007/6/1",1.24459800719735
"2007/6/4",1.24512107092257
"2007/6/5",1.24669880770795
"2007/6/6",1.24805939475619
"2007/6/7",1.25635304593642
"2007/6/8",1.26745041204146
"2007/6/11",1.25999657573882
"2007/6/12",1.27145453114263
"2007/6/13",1.29041202382257
"2007/6/14",1.28807745612028
"2007/6/15",1.29245372094698
"2007/6/18",1.27218741051255
"2007/6/19",1.27796771775933
"2007/6/20",1.28385392281264
"2007/6/21",1.28511844981322
"2007/6/22",1.28295852206173
"2007/6/25",1.28542876045648
"2007/6/26",1.30851247536292
"2007/6/27",1.33057236687026
"2007/6/28",1.32229192574981
"2007/6/29",1.31892870088733
"2007/7/2",1.29508514571747
"2007/7/3",1.28563324081265
"2007/7/4",1.29802766491129
"2007/7/5",1.29608185975885
"2007/7/6",1.30791000553972
"2007/7/9",1.315707565838
"2007/7/10",1.3156762859351
"2007/7/11",1.32339382984009
"2007/7/12",1.32098591378142
"2007/7/13",1.31473721648479
"2007/7/16",1.3137964225212
"2007/7/17",1.30660987916902
"2007/7/18",1.29391834667992
"2007/7/19",1.28711614647019
"2007/7/20",1.26808185808109
"2007/7/23",1.27331172005386
"2007/7/24",1.26826529472238
"2007/7/25",1.27096532677121
"2007/7/26",1.26621717926238
"2007/7/27",1.26070450489099
"2007/7/30",1.26288108027287
"2007/7/31",1.26648884777918
"2007/8/1",1.25743101775702
"2007/8/2",1.2592262977254
"2007/8/3",1.25597631121738
"2007/8/6",1.26442848637242
"2007/8/7",1.24990811276601
"2007/8/8",1.2429932645618
"2007/8/9",1.26559145650021
"2007/8/10",1.264960428673
"2007/8/13",1.26701128651498
"2007/8/14",1.25491022204878
"2007/8/15",1.24979145806237
"2007/8/16",1.2437058518032
"2007/8/17",1.24685967395591
"2007/8/20",1.22363540659229
"2007/8/21",1.22844054733204
"2007/8/22",1.22704124311774
"2007/8/23",1.22166923168955
"2007/8/24",1.2260243551843
"2007/8/27",1.21837213101361
"2007/8/28",1.22351415963066
"2007/8/29",1.22839249723723
"2007/8/30",1.23373429265256
"2007/8/31",1.22849381550431
"2007/9/3",1.21828771744172
"2007/9/4",1.22422816447097
"2007/9/5",1.23043799789543
"2007/9/6",1.23839809513603
"2007/9/7",1.23143851229896
"2007/9/10",1.25519076952825
"2007/9/11",1.23711693137372
"2007/9/12",1.24135343936572
"2007/9/13",1.23910384697735
"2007/9/14",1.23765671604317
"2007/9/17",1.25846048614043
"2007/9/18",1.2573899294074
"2007/9/19",1.23866124069588
"2007/9/20",1.24690642880134
"2007/9/21",1.24292333460725
"2007/9/24",1.23464056845288
"2007/9/25",1.24360612640151
"2007/9/26",1.24993121150681
"2007/9/27",1.25080478797723
"2007/9/28",1.25347709676599
"2007/10/8",1.2327850736996
"2007/10/9",1.24141251219696
"2007/10/10",1.25426024781863
"2007/10/11",1.25465187600972
"2007/10/12",1.25136140191285
"2007/10/15",1.26298083811666
"2007/10/16",1.26855595452452
"2007/10/17",1.25291691107426
"2007/10/18",1.26214098278032
"2007/10/19",1.2668596300279
"2007/10/22",1.25873918798128
"2007/10/23",1.26551991336575
"2007/10/24",1.2744112741961
"2007/10/25",1.28283773513913
"2007/10/26",1.2831023386732
"2007/10/29",1.30378954631354
"2007/10/30",1.29537548718258
"2007/10/31",1.28155025814245
"2007/11/1",1.30048403131137
"2007/11/2",1.30380587243703
"2007/11/5",1.31416505847394
"2007/11/6",1.32632582079943
"2007/11/7",1.34827844550326
"2007/11/8",1.36060263135398
"2007/11/9",1.3614370046225
"2007/11/12",1.36277424724572
"2007/11/13",1.39525729523183
"2007/11/14",1.38791464968635
"2007/11/15",1.39412222585252
"2007/11/16",1.39547758588038
"2007/11/19",1.4154075171099
"2007/11/20",1.38165499537915
"2007/11/21",1.39567039738064
"2007/11/22",1.39660815445518
"2007/11/23",1.39678094791409
"2007/11/26",1.41047411047373
"2007/11/27",1.39246232373108
"2007/11/28",1.37027940101124
"2007/11/29",1.36515614884165
"2007/11/30",1.36668212021123
"2007/12/3",1.37659571461929
"2007/12/4",1.3875175375808
"2007/12/5",1.38239712864048
"2007/12/6",1.37902962322132
"2007/12/7",1.37173168903104
"2007/12/10",1.37109676464114
"2007/12/11",1.37197247837723
"2007/12/12",1.38081005322035
"2007/12/13",1.37762446252315
"2007/12/14",1.38154657868082
"2007/12/17",1.38718731679877
"2007/12/18",1.38414428891417
"2007/12/19",1.37837488670902
"2007/12/20",1.37348437130146
"2007/12/21",1.36750641234372
"2007/12/24",1.3634473172735
"2007/12/25",1.36320170650757
"2007/12/26",1.37967073171769
"2007/12/27",1.37194803018706
"2007/12/28",1.38200291700254
"2008/1/2",1.38270470373987
"2008/1/3",1.38868513435362
"2008/1/4",1.37796736246955
"2008/1/7",1.37402092907422
"2008/1/8",1.37093258689839
"2008/1/9",1.37654631827272
"2008/1/10",1.37335561279372
"2008/1/11",1.37680661546451
"2008/1/14",1.37955266266634
"2008/1/15",1.36729533559526
"2008/1/16",1.34173356710591
"2008/1/17",1.34054266443249
"2008/1/18",1.32644304433842
"2008/1/21",1.34228831647158
"2008/1/22",1.34980652621721
"2008/1/23",1.32180238034371
"2008/1/24",1.31077318469977
"2008/1/25",1.3086914294786
"2008/1/28",1.29992334757523
"2008/1/29",1.29724808383836
"2008/1/30",1.29550095144625
"2008/1/31",1.2986786393924
"2008/2/1",1.29786422588108
"2008/2/4",1.30495455024627
"2008/2/5",1.3126594931737
"2008/2/13",1.30764580884478
"2008/2/14",1.31449005529028
"2008/2/15",1.32712871751284
"2008/2/18",1.34864550342547
"2008/2/19",1.34685405438967
"2008/2/20",1.3489493768077
"2008/2/21",1.37335763808749
"2008/2/22",1.37832716240803
"2008/2/25",1.39650515881031
"2008/2/26",1.35938312762894
"2008/2/27",1.38182920942183
"2008/2/28",1.38947103718115
"2008/2/29",1.41422399036155
"2008/3/3",1.4718606557443
"2008/3/4",1.45760767928883
"2008/3/5",1.42929705106098
"2008/3/6",1.44033472511397
"2008/3/7",1.40922467115841
"2008/3/10",1.36755160270407
"2008/3/11",1.37311954505089
"2008/3/12",1.34122608791112
"2008/3/13",1.35403328556384
"2008/3/14",1.3508626956102
"2008/3/17",1.34243205624581
"2008/3/18",1.33000325401003
"2008/3/19",1.32341062792259
"2008/3/20",1.31993095605383
"2008/3/21",1.31999645786083
"2008/3/24",1.32487553269695
"2008/3/25",1.3068760107215
"2008/3/26",1.31015693941825
"2008/3/27",1.3113618581902
"2008/3/28",1.31894765159054
"2008/3/31",1.31286400392878
"2008/4/1",1.34371041799179
"2008/4/2",1.34177205175659
"2008/4/3",1.33871616677783
"2008/4/7",1.32613969234209
"2008/4/8",1.33409543864697
"2008/4/9",1.33190029278473
"2008/4/10",1.32388262773225
"2008/4/11",1.33394640122834
"2008/4/14",1.3276743742976
"2008/4/15",1.31466430951653
"2008/4/16",1.31106012830224
"2008/4/17",1.30901764347929
"2008/4/18",1.31371680620806
"2008/4/21",1.32485253477728
"2008/4/22",1.33560478032414
"2008/4/23",1.32581724910882
"2008/4/24",1.31512821004094
"2008/4/25",1.32239288853468
"2008/4/28",1.30889397587197
"2008/4/29",1.31305871572154
"2008/4/30",1.31930838683181
"2008/5/5",1.3215548455139
"2008/5/6",1.31245064625045
"2008/5/7",1.31416607393348
"2008/5/8",1.31428055998978
"2008/5/9",1.31184425321363
"2008/5/12",1.31070923886658
"2008/5/13",1.30624953401384
"2008/5/14",1.31644744287888
"2008/5/15",1.31577355588931
"2008/5/16",1.30958189034588
"2008/5/19",1.29924840065528
"2008/5/20",1.299202904985
"2008/5/21",1.30864072628027
"2008/5/22",1.30606190885403
"2008/5/23",1.31599118373342
"2008/5/26",1.31694955772614
"2008/5/27",1.32452483880961
"2008/5/28",1.32443435666078
"2008/5/29",1.3344676848017
"2008/5/30",1.33781303721618
"2008/6/2",1.34978402423281
"2008/6/3",1.34796156951423
"2008/6/4",1.35964747334678
"2008/6/5",1.36057225442444
"2008/6/6",1.35785150635607
"2008/6/10",1.37422320790895
"2008/6/11",1.37978586344455
"2008/6/12",1.38744234421853
"2008/6/13",1.39460559982456
"2008/6/16",1.40305342260419
"2008/6/17",1.38819273914126
"2008/6/18",1.3786254871414
"2008/6/19",1.37260932894429
"2008/6/20",1.36079024356157
"2008/6/23",1.35559923476791
"2008/6/24",1.36589300124078
"2008/6/25",1.37159235138071
"2008/6/26",1.36966633969678
"2008/6/27",1.37195393055625
"2008/6/30",1.37110317299555
"2008/7/1",1.3755008624055
"2008/7/2",1.37700396906728
"2008/7/3",1.36884991416334
"2008/7/4",1.38121510348283
"2008/7/7",1.37427609434042
"2008/7/8",1.37800334548652
"2008/7/9",1.37080820948311
"2008/7/10",1.36822337258486
"2008/7/11",1.36394909019486
"2008/7/14",1.35702747060111
"2008/7/15",1.36062366442668
"2008/7/16",1.35584125231981
"2008/7/17",1.36396969736491
"2008/7/18",1.37072768373081
"2008/7/21",1.39214762877629
"2008/7/22",1.40032942552541
"2008/7/23",1.41454993209711
"2008/7/24",1.40122151541427
"2008/7/25",1.40125625785781
"2008/7/28",1.3997001815672
"2008/7/29",1.4183607603197
"2008/7/30",1.41458872302357
"2008/7/31",1.40785362276865
"2008/8/1",1.41870311361587
"2008/8/4",1.45423339923837
"2008/8/5",1.50044511209411
"2008/8/6",1.48012851143357
"2008/8/7",1.47824054230881
"2008/8/8",1.49406663838774
"2008/8/11",1.53485511910698
"2008/8/12",1.54014744985716
"2008/8/13",1.50503147994507
"2008/8/14",1.4996812326355
"2008/8/15",1.5588256790901
"2008/8/18",1.5107063153065
"2008/8/19",1.53678179854728
"2008/8/20",1.50352653945026
"2008/8/21",1.49186564753632
"2008/8/22",1.48189323172352
"2008/8/25",1.48366806722362
"2008/8/26",1.50376098186531
"2008/8/27",1.49308415441225
"2008/8/28",1.4989756348128
"2008/8/29",1.49091854421735
"2008/9/1",1.49220041295813
"2008/9/2",1.52210869590041
"2008/9/3",1.51947121234667
"2008/9/4",1.51457359641015
"2008/9/5",1.53146856330565
"2008/9/8",1.54512481744461
"2008/9/9",1.57530239692793
"2008/9/10",1.58288676699141
"2008/9/11",1.58914384690112
"2008/9/12",1.56399934752908
"2008/9/16",1.6251440506158
"2008/9/17",1.63051206053896
"2008/9/18",1.64761751670098
"2008/9/19",1.62955936651591
"2008/9/22",1.57823597997694
"2008/9/23",1.59031780543195
"2008/9/24",1.60071214059111
"2008/9/25",1.6025092255084
"2008/9/26",1.60387613775515
"2008/10/6",1.68211689686231
"2008/10/7",1.71808078263078
"2008/10/8",1.7665839372359
"2008/10/9",1.76608399597836
"2008/10/10",1.83965664572788
"2008/10/13",1.81962616732662
"2008/10/14",1.81039465328482
"2008/10/15",1.83186564144577
"2008/10/16",1.89462501059974
"2008/10/17",1.87363589156008
"2008/10/20",1.8263113053861
"2008/10/21",1.87666814643225
"2008/10/22",1.91175432243375
"2008/10/23",1.92124372258977
"2008/10/24",1.95153373069785
"2008/10/27",1.9691230923093
"2008/10/28",1.93234868443505
"2008/10/29",1.94418506240466
"2008/10/30",1.90527166670746
"2008/10/31",1.94030168901842
"2008/11/3",1.92773122386693
"2008/11/4",1.9480412459339
"2008/11/5",1.93647953491108
"2008/11/6",1.9697121993875
"2008/11/7",1.98067889842614
"2008/11/10",1.94677266803248
"2008/11/11",1.98463301240796
"2008/11/12",1.98977807321883
"2008/11/13",2.00095589293566
"2008/11/14",1.97602046568578
"2008/11/17",1.96575878818289
"2008/11/18",1.96486104199415
"2008/11/19",1.95541709217084
"2008/11/20",1.97148694866962
"2008/11/21",1.98721335745957
"2008/11/24",1.97868313510857
"2008/11/25",1.96100435509089
"2008/11/26",1.95118734703369
"2008/11/27",1.95809908009056
"2008/11/28",1.96831084187377
"2008/12/1",1.97029062081573
"2008/12/2",1.99602733855436
"2008/12/3",1.99623418111961
"2008/12/4",2.02501700981516
"2008/12/5",2.06474021973303
"2008/12/8",2.03429574659627
"2008/12/9",2.05336510655611
"2008/12/10",2.02128649705147
"2008/12/11",2.02489189290491
"2008/12/12",2.03620787782073
"2008/12/15",2.00615020790935
"2008/12/16",2.02065666734365
"2008/12/17",2.01340941634687
"2008/12/18",2.02539170818087
"2008/12/19",2.01123736507462
"2008/12/22",1.98481789372855
"2008/12/23",1.9908676402227
"2008/12/24",1.98261529166175
"2008/12/25",1.98978951248893
"2008/12/26",1.99209575386751
"2008/12/29",1.9934253003258
"2008/12/30",1.99262719185295
"2008/12/31",1.98386974016527
"2009/1/5",1.9730892861007
"2009/1/6",1.95842393612085
"2009/1/7",1.9633194854436
"2009/1/8",1.95803248241788
"2009/1/9",1.95830766513638
"2009/1/12",1.95035934702414
"2009/1/13",1.94250610392447
"2009/1/14",1.93524302642783
"2009/1/15",1.93095480507282
"2009/1/16",1.93181491245209
"2009/1/19",1.93360737427447
"2009/1/20",1.93693960764039
"2009/1/21",1.93737484627207
"2009/1/22",1.93646339017162
"2009/1/23",1.93724483860767
"2009/2/2",1.94833168121739
"2009/2/3",1.93672643586045
"2009/2/4",1.93959139645526
"2009/2/5",1.93915656174361
"2009/2/6",1.95223015332587
"2009/2/9",1.96342923808058
"2009/2/10",1.96176889280837
"2009/2/11",1.93884573313108
"2009/2/12",1.95535603441881
"2009/2/13",1.9651001019761
"2009/2/16",1.9495232585356
"2009/2/17",1.95884585525719
"2009/2/18",1.93180190822033
"2009/2/19",1.92271511968039
"2009/2/20",1.92382380556221
"2009/2/23",1.9324051616962
"2009/2/24",1.92666060158894
"2009/2/25",1.91307007525268
"2009/2/26",1.91422378257548
"2009/2/27",1.91248329829657
"2009/3/2",1.90570502847547
"2009/3/3",1.89606419782039
"2009/3/4",1.89406977619794
"2009/3/5",1.89694764192324
"2009/3/6",1.9004556014708
"2009/3/9",1.8898969585692
"2009/3/10",1.88793633969527
"2009/3/11",1.88753585370649
"2009/3/12",1.88762816423237
"2009/3/13",1.8936443386077
"2009/3/16",1.90696371739656
"2009/3/17",1.91152462069019
"2009/3/18",1.91031140225952
"2009/3/19",1.9298155123609
"2009/3/20",1.95836629611822
"2009/3/23",2.00445742997005
"2009/3/24",1.97538911113886
"2009/3/25",1.95768621035479
"2009/3/26",1.98596204869528
"2009/3/27",1.96863621489209
"2009/3/30",1.96844091912882
"2009/3/31",1.96623364568195
"2009/4/1",1.97509785095777
"2009/4/2",2.08516193109832
"2009/4/3",2.09449784168982
"2009/4/7",2.12464371126296
"2009/4/8",2.09136481585087
"2009/4/9",2.12812686749862
"2009/4/10",2.15231623945014
"2009/4/13",2.16684212006134
"2009/4/14",2.13574905331213
"2009/4/15",2.15139862873114
"2009/4/16",2.18104497108427
"2009/4/17",2.18058736127697
"2009/4/20",2.16649070446287
"2009/4/21",2.09585093028277
"2009/4/22",2.09346750415967
"2009/4/23",2.1065902656057
"2009/4/24",2.08033643267684
"2009/4/27",2.06578721725326
"2009/4/28",2.06096041468011
"2009/4/29",2.06983668133187
"2009/4/30",2.07625613109169
"2009/5/4",2.1153002348326
"2009/5/5",2.08969733257954
"2009/5/6",2.11520302209847
"2009/5/7",2.11549595747441
"2009/5/8",2.13743254906486
"2009/5/11",2.09572323357446
"2009/5/12",2.10959474146377
"2009/5/13",2.12515450116216
"2009/5/14",2.08769639180358
"2009/5/15",2.09506902226617
"2009/5/18",2.07466145433135
"2009/5/19",2.09020836821075
"2009/5/20",2.07830826811981
"2009/5/21",2.071239286508
"2009/5/22",2.07782649239482
"2009/5/25",2.07090444396048
"2009/5/26",2.05690596902875
"2009/5/27",2.04105931092617
"2009/6/1",2.04423556711443
"2009/6/2",2.0292159259453
"2009/6/3",2.05257294632616
"2009/6/4",2.02906943459641
"2009/6/5",2.08605282082462
"2009/6/8",2.11091108490591
"2009/6/9",2.11682387947115
"2009/6/10",2.11982839380501
"2009/6/11",2.11620323966606
"2009/6/12",2.1021615199342
"2009/6/15",2.08311236271101
"2009/6/16",2.08829789768825
"2009/6/17",2.08417745724706
"2009/6/18",2.07497311072621
"2009/6/19",2.07836935745247
"2009/6/22",2.05850022683268
"2009/6/23",2.04658311409924
"2009/6/24",2.04782930867459
"2009/6/25",2.05113688638882
"2009/6/26",2.06344023924647
"2009/6/29",2.04720066902957
"2009/6/30",2.06009737252783
"2009/7/1",2.06011745866009
"2009/7/2",2.05707923374105
"2009/7/3",2.05490029508344
"2009/7/6",2.05667330741904
"2009/7/7",2.06222911954977
"2009/7/8",2.04960714260395
"2009/7/9",2.05542263942361
"2009/7/10",2.0521569130906
"2009/7/13",2.05202233208405
"2009/7/14",2.05642931770298
"2009/7/15",2.06821602227383
"2009/7/16",2.07073277982086
"2009/7/17",2.07389286994963
"2009/7/20",2.09107966690672
"2009/7/21",2.08575301766653
"2009/7/22",2.08593993225463
"2009/7/23",2.10282067850215
"2009/7/24",2.12448943577598
"2009/7/27",2.17928693527765
"2009/7/28",2.18503253315137
"2009/7/29",2.13711970739759
"2009/7/30",2.16852574023624
"2009/7/31",2.21826151695744
"2009/8/3",2.25466776950526
"2009/8/4",2.2582557783997
"2009/8/5",2.26615254354804
"2009/8/6",2.25590913380607
"2009/8/7",2.20893012065101
"2009/8/10",2.26737918403993
"2009/8/11",2.31559813606607
"2009/8/12",2.29633885290353
"2009/8/13",2.33225732045908
"2009/8/14",2.27811881349935
"2009/8/17",2.17874615864914
"2009/8/18",2.18327737530541
"2009/8/19",2.12384953681349
"2009/8/20",2.1292432072599
"2009/8/21",2.10751266402191
"2009/8/24",2.14181185054301
"2009/8/25",2.11626848568884
"2009/8/26",2.1193856849153
"2009/8/27",2.11995192339428
"2009/8/28",2.14117320080516
"2009/8/31",2.09081725223662
"2009/9/1",2.0833089336235
"2009/9/2",2.07584641232646
"2009/9/3",2.08637591162072
"2009/9/4",2.09432253733026
"2009/9/7",2.08870633881975
"2009/9/8",2.09724757042659
"2009/9/9",2.08260195499631
"2009/9/10",2.07925893030047
"2009/9/11",2.07903325986842
"2009/9/14",2.08666800516577
"2009/9/15",2.09236199896344
"2009/9/16",2.0882805630698
"2009/9/17",2.0980013300955
"2009/9/18",2.09378145555912
"2009/9/21",2.08705935598471
"2009/9/22",2.09602360392583
"2009/9/23",2.09995262120372
"2009/9/24",2.11155513075532
"2009/9/25",2.10004142834506
"2009/9/28",2.10979319243003
"2009/9/29",2.1080937847199
"2009/9/30",2.09501586496521
"2009/10/9",2.11194573532631
"2009/10/12",2.09656374064893
"2009/10/13",2.09886238072075
"2009/10/14",2.10746724315675
"2009/10/15",2.09218578899895
"2009/10/16",2.08559821822027
"2009/10/19",2.09731582668064
"2009/10/20",2.09975755202458
"2009/10/21",2.08518807712313
"2009/10/22",2.08430707210799
"2009/10/23",2.09851076123682
"2009/10/26",2.10369523584198
"2009/10/27",2.08374616921785
"2009/10/28",2.08685540302186
"2009/10/29",2.06299013810427
"2009/10/30",2.07479085946979
"2009/11/2",2.07519781839015
"2009/11/3",2.0819331723162
"2009/11/4",2.09417635194526
"2009/11/5",2.08878503531356
"2009/11/6",2.09859914679546
"2009/11/9",2.11289793266024
"2009/11/10",2.10085310936241
"2009/11/11",2.11820037629822
"2009/11/12",2.13662275778391
"2009/11/13",2.1366023975321
"2009/11/16",2.15953593798316
"2009/11/17",2.1662751112652
"2009/11/18",2.18960590496141
"2009/11/19",2.18833482754745
"2009/11/20",2.20846356523821
"2009/11/23",2.27845806521699
"2009/11/24",2.23486782819715
"2009/11/25",2.26683209934726
"2009/11/26",2.26831100569313
"2009/11/27",2.19261297992702
"2009/11/30",2.24309079400472
"2009/12/1",2.24073634286939
"2009/12/2",2.26910272250714
"2009/12/3",2.28932856743894
"2009/12/4",2.29347831195515
"2009/12/7",2.30773455390036
"2009/12/8",2.3200825697812
"2009/12/9",2.25733257808892
"2009/12/10",2.24507213091693
"2009/12/11",2.25598986263499
"2009/12/14",2.26247018551765
"2009/12/15",2.27151092108555
"2009/12/16",2.2868576248212
"2009/12/17",2.28022643834951
"2009/12/18",2.26598225403218
"2009/12/21",2.26091140710066
"2009/12/22",2.24432666339871
"2009/12/23",2.2506088287628
"2009/12/24",2.28147471285014
"2009/12/25",2.29282486299001
"2009/12/28",2.33917480168466
"2009/12/29",2.33542071039913
"2009/12/30",2.33761124067156
"2009/12/31",2.37783154066231
"2010/1/4",2.40067055755117
"2010/1/5",2.42226126558578
"2010/1/6",2.44807310332272
"2010/1/7",2.37955749945358
"2010/1/8",2.34520395708507
"2010/1/11",2.39191130276414
"2010/1/12",2.36981359995031
"2010/1/13",2.28614667656233
"2010/1/14",2.30135749876291
"2010/1/15",2.28809819806584
"2010/1/18",2.29101578934037
"2010/1/19",2.30252646272501
"2010/1/20",2.29265311547264
"2010/1/21",2.29804957140558
"2010/1/22",2.2644597258677
"2010/1/25",2.26624285886664
"2010/1/26",2.26369137708372
"2010/1/27",2.25262148594049
"2010/1/28",2.24920957397815
"2010/1/29",2.25395896609614
"2010/2/1",2.26482975531341
"2010/2/2",2.27398765288512
"2010/2/3",2.23273941742785
"2010/2/4",2.23916350977732
"2010/2/5",2.24998775258113
"2010/2/8",2.2384788446616
"2010/2/9",2.22505833814208
"2010/2/10",2.21499668089935
"2010/2/11",2.20324491419794
"2010/2/12",2.19884979668391
"2010/2/22",2.18380548058479
"2010/2/23",2.18030653299736
"2010/2/24",2.17044750841938
"2010/2/25",2.15965890250319
"2010/2/26",2.16060124013931
"2010/3/1",2.16035083882046
"2010/3/2",2.14453823211293
"2010/3/3",2.14883195775422
"2010/3/4",2.14022648574132
"2010/3/5",2.14210204954649
"2010/3/8",2.13997367076541
"2010/3/9",2.13781595756096
"2010/3/10",2.12842689206419
"2010/3/11",2.11465510227254
"2010/3/12",2.1160468540667
"2010/3/15",2.12778425545867
"2010/3/16",2.11391809473088
"2010/3/17",2.10250677623068
"2010/3/18",2.09837497486446
"2010/3/19",2.09210866836422
"2010/3/22",2.08413794309167
"2010/3/23",2.08474963839131
"2010/3/24",2.08490783751068
"2010/3/25",2.08536036781153
"2010/3/26",2.07656316617986
"2010/3/29",2.07882995026078
"2010/3/30",2.07384444303937
"2010/3/31",2.07267264192702
"2010/4/1",2.0751977351203
"2010/4/2",2.07315792314375
"2010/4/6",2.077486020542
"2010/4/7",2.07641838691981
"2010/4/8",2.06000895966297
"2010/4/9",2.06288651799593
"2010/4/12",2.06529473497902
"2010/4/13",2.0590546320666
"2010/4/14",2.05814450872589
"2010/4/15",2.05356821531834
"2010/4/16",2.05240665089271
"2010/4/19",2.01213326510426
"2010/4/20",1.99613260312691
"2010/4/21",1.98672930907536
"2010/4/22",1.99488386702258
"2010/4/23",2.00144580559058
"2010/4/26",2.00891326662196
"2010/4/27",2.04234424351395
"2010/4/28",2.05346328474951
"2010/4/29",2.06625620967645
"2010/4/30",2.05405415811364
"2010/5/4",2.06741411490088
"2010/5/5",2.07877470220581
"2010/5/6",2.11159992068036
"2010/5/7",2.18317690906
"2010/5/10",2.13711363307605
"2010/5/11",2.19412868466182
"2010/5/12",2.19282294549634
"2010/5/13",2.17501867440699
"2010/5/14",2.21307462613614
"2010/5/17",2.34587214195189
"2010/5/18",2.30331351890713
"2010/5/19",2.32720794877965
"2010/5/20",2.29900755681985
"2010/5/21",2.29062768377605
"2010/5/24",2.2277571934716
"2010/5/25",2.28046495354985
"2010/5/26",2.25483686557845
"2010/5/27",2.22945827155365
"2010/5/28",2.22559892969994
"2010/5/31",2.25795239174975
"2010/6/1",2.29141294064001
"2010/6/2",2.28895592517529
"2010/6/3",2.2922644648857
"2010/6/4",2.29773932000177
"2010/6/7",2.42092993263891
"2010/6/8",2.39798467503285
"2010/6/9",2.34087285738805
"2010/6/10",2.35079629476445
"2010/6/11",2.33142575427786
"2010/6/17",2.330178247038
"2010/6/18",2.34320854451876
"2010/6/21",2.2620953113946
"2010/6/22",2.26379604723943
"2010/6/23",2.26948493510033
"2010/6/24",2.25579106626064
"2010/6/25",2.270904464702
"2010/6/28",2.27044395941764
"2010/6/29",2.30903919038971
"2010/6/30",2.32946280841286
"2010/7/1",2.346546222844
"2010/7/2",2.31162028890359
"2010/7/5",2.30719653769181
"2010/7/6",2.30283579391659
"2010/7/7",2.30891960830772
"2010/7/8",2.29328891863857
"2010/7/9",2.27766214553573
"2010/7/12",2.28751807384327
"2010/7/13",2.30287889080142
"2010/7/14",2.2810141458053
"2010/7/15",2.29679275644609
"2010/7/16",2.29409252883414
"2010/7/19",2.27090372331135
"2010/7/20",2.25463980774202
"2010/7/21",2.25542361908122
"2010/7/22",2.24475579158193
"2010/7/23",2.2305425481782
"2010/7/26",2.23052597590363
"2010/7/27",2.22440298420044
"2010/7/28",2.22386560811102
"2010/7/29",2.22856616577111
"2010/7/30",2.23144564216036
"2010/8/2",2.25758890509677
"2010/8/3",2.24995403498382
"2010/8/4",2.25498663367427
"2010/8/5",2.23713889902921
"2010/8/6",2.26971144303895
"2010/8/9",2.29417574733098
"2010/8/10",2.26538624726324
"2010/8/11",2.26029428777823
"2010/8/12",2.25445440433617
"2010/8/13",2.29024004955602
"2010/8/16",2.30380817014177
"2010/8/17",2.30369181088324
"2010/8/18",2.28660342254589
"2010/8/19",2.29785601833567
"2010/8/20",2.23305732546355
"2010/8/23",2.23456373672652
"2010/8/24",2.22651132937376
"2010/8/25",2.22590993446682
"2010/8/26",2.23879391721264
"2010/8/27",2.25314277696748
"2010/8/30",2.28111098197773
"2010/8/31",2.24485032121825
"2010/9/1",2.2575110393155
"2010/9/2",2.27104935824181
"2010/9/3",2.28580947385829
"2010/9/6",2.33098442016846
"2010/9/7",2.34217811400184
"2010/9/8",2.34041688461869
"2010/9/9",2.27416307495835
"2010/9/10",2.29661455582916
"2010/9/13",2.3075420920905
"2010/9/14",2.29549665913569
"2010/9/15",2.29842675828871
"2010/9/16",2.29115387763501
"2010/9/17",2.32508781768871
"2010/9/20",2.39681346010923
"2010/9/21",2.39192594548025
"2010/9/27",2.43711825655937
"2010/9/28",2.4575209821076
"2010/9/29",2.42148301588107
"2010/9/30",2.43232956434826
"2010/10/8",2.49177192521319
"2010/10/11",2.68269903467959
"2010/10/12",2.65137884419758
"2010/10/13",2.70325426291687
"2010/10/14",2.76281897086205
"2010/10/15",2.80447845047254
"2010/10/18",2.72415728814569
"2010/10/19",2.7752342322896
"2010/10/20",2.76589582725785
"2010/10/21",2.79146173741088
"2010/10/22",2.81588104124885
"2010/10/25",2.93399821321037
"2010/10/26",2.91406533712564
"2010/10/27",2.83478932824376
"2010/10/28",2.88771282426013
"2010/10/29",2.80536503372213
"2010/11/1",2.89565372767786
"2010/11/2",2.88099472886515
"2010/11/3",2.89673017878198
"2010/11/4",2.97125529215065
"2010/11/5",3.11704828652778
"2010/11/8",3.1420203309462
"2010/11/9",3.22332863355594
"2010/11/10",3.19704932804047
"2010/11/11",3.17801152491044
"2010/11/12",2.98268903110551
"2010/11/15",2.90734816951894
"2010/11/16",2.87692020422376
"2010/11/17",2.8035402547894
"2010/11/18",2.80440264929397
"2010/11/19",2.81362358794811
"2010/11/22",2.78691685124792
"2010/11/23",2.77178424793562
"2010/11/24",2.77775782472696
"2010/11/25",2.77168236413683
"2010/11/26",2.75750660491855
"2010/11/29",2.75709329633839
"2010/11/30",2.76213222474663
"2010/12/1",2.77076129886737
"2010/12/2",2.76889688768969
"2010/12/3",2.77209695118108
"2010/12/6",2.78383271131112
"2010/12/7",2.7963226766686
"2010/12/8",2.75010172376487
"2010/12/9",2.75346024437862
"2010/12/10",2.75771847308327
"2010/12/13",2.77690278270521
"2010/12/14",2.79190437172493
"2010/12/15",2.75686013219702
"2010/12/16",2.75563638939467
"2010/12/17",2.77127675012999
"2010/12/20",2.78040204435041
"2010/12/21",2.79386889193635
"2010/12/22",2.77261064502898
"2010/12/23",2.79620589485867
"2010/12/24",2.8072406935006
"2010/12/27",2.81208771897451
"2010/12/28",2.82544099699913
"2010/12/29",2.8181540379344
"2010/12/30",2.8387555169325
"2010/12/31",2.82547693606151
"2011/1/4",2.83537053183896
"2011/1/5",2.80508981379603
"2011/1/6",2.8407715662673
"2011/1/7",2.77108588195856
"2011/1/10",2.78535528642909
"2011/1/11",2.79297991784569
"2011/1/12",2.79611880724984
"2011/1/13",2.80485712738579
"2011/1/14",2.82063968853107
"2011/1/17",2.8387145155107
"2011/1/18",2.84261033931322
"2011/1/19",2.84290530255512
"2011/1/20",2.84488653496066
"2011/1/21",2.85478395545291
"2011/1/24",2.87958603043049
"2011/1/25",2.86663268947933
"2011/1/26",2.8437549458704
"2011/1/27",2.85158841733542
"2011/1/28",2.84769846617178
"2011/1/31",2.85672559622711
"2011/2/1",2.8723947569226
"2011/2/9",2.88194756011765
"2011/2/10",2.8907663297447
"2011/2/11",2.88325055840576
"2011/2/14",2.87253664244511
"2011/2/15",2.85220723038844
"2011/2/16",2.836145105561
"2011/2/17",2.80717302870168
"2011/2/18",2.78442823953891
"2011/2/21",2.79362821940189
"2011/2/22",2.76308398194071
"2011/2/23",2.71599730332298
"2011/2/24",2.70957685145646
"2011/2/25",2.69646365645311
"2011/2/28",2.70267653766402
"2011/3/1",2.69561038398505
"2011/3/2",2.6952591081607
"2011/3/3",2.68111260455779
"2011/3/4",2.67517521805569
"2011/3/7",2.6954103599766
"2011/3/8",2.67845161372054
"2011/3/9",2.66908030834619
"2011/3/10",2.68255925342805
"2011/3/11",2.67460329535405
"2011/3/14",2.67742765470489
"2011/3/15",2.67763326965294
"2011/3/16",2.65951142295162
"2011/3/17",2.66445086818096
"2011/3/18",2.63486819796905
"2011/3/21",2.64291901714047
"2011/3/22",2.63458732817069
"2011/3/23",2.60944674807678
"2011/3/24",2.61328234979967
"2011/3/25",2.60569624274555
"2011/3/28",2.0341640553305
"2011/3/29",2.00492753332294
"2011/3/30",1.99652884880334
"2011/3/31",2.00436200294633
"2011/4/1",2.01372354240676
"2011/4/6",1.97593242158736
"2011/4/7",1.96852459689092
"2011/4/8",1.96993407136718
"2011/4/11",1.9644038674661
"2011/4/12",1.93585695430509
"2011/4/13",1.94121910664263
"2011/4/14",1.94064875991109
"2011/4/15",1.94880097738179
"2011/4/18",1.9443439558632
"2011/4/19",1.97025888559926
"2011/4/20",1.94386062839019
"2011/4/21",1.9387258122929
"2011/4/22",1.93416075879966
"2011/4/25",1.95216243675095
"2011/4/26",1.95925364183411
"2011/4/27",1.97366801833737
"2011/4/28",1.96500883321137
"2011/4/29",1.99041482393771
"2011/5/3",1.98349526874555
"2011/5/4",2.01711977647542
"2011/5/5",2.05418805890723
"2011/5/6",2.08072163778062
"2011/5/9",2.04897942708123
"2011/5/10",2.03246188090904
"2011/5/11",2.04758645014978
"2011/5/12",2.1114113677774
"2011/5/13",2.04780866327858
"2011/5/16",2.06453134611169
"2011/5/17",2.05835098388281
"2011/5/18",2.048716757547
"2011/5/19",2.04443363668859
"2011/5/20",2.04704761815318
"2011/5/23",2.09650123370126
"2011/5/24",2.0805232960396
"2011/5/25",2.06890665817039
"2011/5/26",2.05143668933456
"2011/5/27",2.04682857051409
"2011/5/30",2.05779678010818
"2011/5/31",2.03856507554785
"2011/6/1",2.03579619065247
"2011/6/2",2.05184587475507
"2011/6/3",2.02702896638789
"2011/6/7",2.01710089609382
"2011/6/8",2.01155570639859
"2011/6/9",2.02508503605611
"2011/6/10",2.02819703147681
"2011/6/13",2.02678155519556
"2011/6/14",2.01521848615705
"2011/6/15",2.01035997977503
"2011/6/16",2.02190443864156
"2011/6/17",2.03989447144045
"2011/6/20",2.05688281736014
"2011/6/21",2.0316507041909
"2011/6/22",2.03853431652872
"2011/6/23",2.0276432211133
"2011/6/24",2.00030924976413
"2011/6/27",2.03408156864322
"2011/6/28",2.02934030240404
"2011/6/29",2.01198340729241
"2011/6/30",1.99554000809008
"2011/7/1",2.01504824767046
"2011/7/4",1.99372645019658
"2011/7/5",1.99227055128607
"2011/7/6",1.98785874567286
"2011/7/7",1.99121043017479
"2011/7/8",1.98385544129965
"2011/7/11",1.99040729818084
"2011/7/12",1.99856722457013
"2011/7/13",2.00242646140581
"2011/7/14",2.00079472512543
"2011/7/15",1.99793677410448
"2011/7/18",2.00852356949794
"2011/7/19",2.02358035810609
"2011/7/20",2.01515581516678
"2011/7/21",2.01557946540559
"2011/7/22",2.01792731009544
"2011/7/25",2.01710466369261
"2011/7/26",2.0356079422218
"2011/7/27",2.04206611708712
"2011/7/28",2.03270984555435
"2011/7/29",2.02155360306388
"2011/8/1",2.03348861779914
"2011/8/2",2.01816744053889
"2011/8/3",2.03742234813438
"2011/8/4",2.01832069655697
"2011/8/5",1.99359768136334
"2011/8/8",2.04001505379404
"2011/8/9",2.0917727943945
"2011/8/10",2.06469450834383
"2011/8/11",2.0422353969065
"2011/8/12",2.03738546227454
"2011/8/15",2.01258142623581
"2011/8/16",2.04148538679923
"2011/8/17",2.0281022650245
"2011/8/18",2.04046362201149
"2011/8/19",2.06942707014485
"2011/8/22",2.09146647375862
"2011/8/23",2.07947467905709
"2011/8/24",2.06557531133209
"2011/8/25",2.01309419266823
"2011/8/26",2.01878362129779
"2011/8/29",2.022447914411
"2011/8/30",2.00750225259076
"2011/8/31",2.00903568607067
"2011/9/1",2.01109466230159
"2011/9/2",2.02266234985021
"2011/9/5",2.0391708930863
"2011/9/6",2.03904217079353
"2011/9/7",2.00878994423771
"2011/9/8",2.0088983904711
"2011/9/9",2.01820413844199
"2011/9/13",2.00994783633468
"2011/9/14",2.02105664232253
"2011/9/15",2.01671316278838
"2011/9/16",2.00277848609087
"2011/9/19",2.07811184687049
"2011/9/20",2.0609668948641
"2011/9/21",2.04111517540265
"2011/9/22",2.1227939225091
"2011/9/23",2.22291222952283
"2011/9/26",2.34780240377826
"2011/9/27",2.24785827186579
"2011/9/28",2.27825953254285
"2011/9/29",2.34767375544059
"2011/9/30",2.2832711594202
"2011/10/10",2.31011579222554
"2011/10/11",2.31715707287129
"2011/10/12",2.26957857026729
"2011/10/13",2.27615403484316
"2011/10/14",2.25172315324959
"2011/10/17",2.26989719224627
"2011/10/18",2.33823700418554
"2011/10/19",2.34233734783076
"2011/10/20",2.44114877207897
"2011/10/21",2.41137852255815
"2011/10/24",2.32144992574736
"2011/10/25",2.30171937206456
"2011/10/26",2.28854080890556
"2011/10/27",2.27270976316215
"2011/10/28",2.2570240381241
"2011/10/31",2.27860622073706
"2011/11/1",2.28335451165355
"2011/11/2",2.27863918465037
"2011/11/3",2.31148106822637
"2011/11/4",2.24428058044005
"2011/11/7",2.24803011261426
"2011/11/8",2.24923398528283
"2011/11/9",2.28801047988264
"2011/11/10",2.34319132079669
"2011/11/11",2.30651206656252
"2011/11/14",2.27006056692884
"2011/11/15",2.2747323467839
"2011/11/16",2.29240416356194
"2011/11/17",2.28131841999667
"2011/11/18",2.29979635954848
"2011/11/21",2.31827701384918
"2011/11/22",2.33077066536033
"2011/11/23",2.35779483532196
"2011/11/24",2.36694300957958
"2011/11/25",2.38714699025535
"2011/11/28",2.35811129405755
"2011/11/29",2.34124415649212
"2011/11/30",2.36968672008646
"2011/12/1",2.29695674456219
"2011/12/2",2.3023797149404
"2011/12/5",2.30053126016857
"2011/12/6",2.30551562003193
"2011/12/7",2.29743449005885
"2011/12/8",2.30715863413961
"2011/12/9",2.30993947028938
"2011/12/12",2.33697822373009
"2011/12/13",2.35876967229735
"2011/12/14",2.36654675681515
"2011/12/15",2.41358043478377
"2011/12/16",2.36459639682059
"2011/12/19",2.36717377837431
"2011/12/20",2.37201781108385
"2011/12/21",2.36768563557162
"2011/12/22",2.36420805824072
"2011/12/23",2.35342553390673
"2011/12/26",2.37293142618279
"2011/12/27",2.37732597065728
"2011/12/28",2.36479134483817
"2011/12/29",2.3810798409063
"2011/12/30",2.3626927994895
"2012/1/4",2.35963858496047
"2012/1/5",2.33833766797444
"2012/1/6",2.33541648421759
"2012/1/9",2.32024514835441
"2012/1/10",2.29795183758181
"2012/1/11",2.29921752684863
"2012/1/12",2.30213326902409
"2012/1/13",2.29972206478364
"2012/1/16",2.31087391187957
"2012/1/17",2.28096375686917
"2012/1/18",2.29064902964603
"2012/1/19",2.28232671706577
"2012/1/20",2.2886738039832
"2012/1/30",2.29182451321511
"2012/1/31",2.30126074341461
"2012/2/1",2.28384755738912
"2012/2/2",2.28038081329487
"2012/2/3",2.28691305662081
"2012/2/6",2.31339945533713
"2012/2/7",2.29572896188601
"2012/2/8",2.32441616069824
"2012/2/9",2.29127063850785
"2012/2/10",2.27783253145397
"2012/2/13",2.27831693446944
"2012/2/14",2.25862552099914
"2012/2/15",2.25518957684302
"2012/2/16",2.2188088667958
"2012/2/17",2.2275200736098
"2012/2/20",2.23414115187809
"2012/2/21",2.24206551605104
"2012/2/22",2.2424969556145
"2012/2/23",2.24601259383364
"2012/2/24",2.25022933257719
"2012/2/27",2.26256801611581
"2012/2/28",2.28165565489711
"2012/2/29",2.28199734435994
"2012/3/1",2.23548190501873
"2012/3/2",2.2689798374721
"2012/3/5",2.25415235875904
"2012/3/6",2.22315911439439
"2012/3/7",2.18751570067165
"2012/3/8",2.19051764279803
"2012/3/9",2.23646428999308
"2012/3/12",2.22386036068085
"2012/3/13",2.24664589492552
"2012/3/14",2.21816748736453
"2012/3/15",2.22679774265578
"2012/3/16",2.22715563986075
"2012/3/19",2.22422816951486
"2012/3/20",2.20333264203768
"2012/3/21",2.19859877013829
"2012/3/22",2.19415799862134
"2012/3/23",2.20582113414514
"2012/3/26",2.2164838322045
"2012/3/27",2.21316735198287
"2012/3/28",2.21992553410738
"2012/3/29",2.21680674513329
"2012/3/30",2.20464728958749
"2012/4/5",2.24833763659386
"2012/4/6",2.24911733500645
"2012/4/9",2.25808478608037
"2012/4/10",2.25388541643324
"2012/4/11",2.23970179750509
"2012/4/12",2.22159783164283
"2012/4/13",2.2251952340275
"2012/4/16",2.22256317299924
"2012/4/17",2.22353179983809
"2012/4/18",2.20482308520971
"2012/4/19",2.1980145072741
"2012/4/20",2.19926395583222
"2012/4/23",2.21390173689904
"2012/4/24",2.20246074436277
"2012/4/25",2.20746683083744
"2012/4/26",2.19921078644527
"2012/4/27",2.20420895090511
"2012/5/2",2.21366495974959
"2012/5/3",2.21160242228615
"2012/5/4",2.21211330781857
"2012/5/7",2.21938346689258
"2012/5/8",2.22824331003114
"2012/5/9",2.24196729598274
"2012/5/10",2.24065984593534
"2012/5/11",2.29402333284964
"2012/5/14",2.34801507569293
"2012/5/15",2.38390441150299
"2012/5/16",2.48122962971216
"2012/5/17",2.40873758650963
"2012/5/18",2.42077407512375
"2012/5/21",2.36110873266923
"2012/5/22",2.38231205318952
"2012/5/23",2.46130155293386
"2012/5/24",2.43962430515622
"2012/5/25",2.43458035574122
"2012/5/28",2.38734678053857
"2012/5/29",2.36584752531899
"2012/5/30",2.40750055857761
"2012/5/31",2.42623143034425
"2012/6/1",2.45776432990479
"2012/6/4",2.5285259910856
"2012/6/5",2.47358496152423
"2012/6/6",2.46666347286454
"2012/6/7",2.46051928032051
"2012/6/8",2.48497775428818
"2012/6/11",2.41406910793566
"2012/6/12",2.45161921190664
"2012/6/13",2.44435805486648
"2012/6/14",2.4542254190267
"2012/6/15",2.41537089434451
"2012/6/18",2.40551943527335
"2012/6/19",2.41852953584413
"2012/6/20",2.39334315605082
"2012/6/21",2.44552687689506
"2012/6/25",2.48161520631297
"2012/6/26",2.51278380338774
"2012/6/27",2.52714209798644
"2012/6/28",2.50016386144224
"2012/6/29",2.47364915428038
"2012/7/2",2.44684713913426
"2012/7/3",2.40871225078961
"2012/7/4",2.40241433335883
"2012/7/5",2.40497527465459
"2012/7/6",2.39636549272396
"2012/7/9",2.43974469265458
"2012/7/10",2.44244231885521
"2012/7/11",2.44279976216843
"2012/7/12",2.42434138116535
"2012/7/13",2.40908262841782
"2012/7/16",2.44221445623454
"2012/7/17",2.44304295862395
"2012/7/18",2.44216192125286
"2012/7/19",2.44809466059699
"2012/7/20",2.47204509993133
"2012/7/23",2.50860148381548
"2012/7/24",2.49389352311532
"2012/7/25",2.52850602539966
"2012/7/26",2.51009778563526
"2012/7/27",2.47221243832891
"2012/7/30",2.49452753210081
"2012/7/31",2.47652706549704
"2012/8/1",2.47240862470606
"2012/8/2",2.48590060251283
"2012/8/3",2.48446431082793
"2012/8/6",2.45293407563131
"2012/8/7",2.44587199366818
"2012/8/8",2.44115179296327
"2012/8/9",2.4125159673894
"2012/8/10",2.41324108131208
"2012/8/13",2.44217784631936
"2012/8/14",2.45256564348786
"2012/8/15",2.44464566536134
"2012/8/16",2.45287855032659
"2012/8/17",2.44935605429911
"2012/8/20",2.46386343384198
"2012/8/21",2.47260928173829
"2012/8/22",2.49459956021942
"2012/8/23",2.50042401297011
"2012/8/24",2.51794502686158
"2012/8/27",2.53749730566157
"2012/8/28",2.53214917203403
"2012/8/29",2.5545681604984
"2012/8/30",2.55875106159477
"2012/8/31",2.55118936402613
"2012/9/3",2.58748833540292
"2012/9/4",2.62357117208301
"2012/9/5",2.62933532867665
"2012/9/6",2.60532369140365
"2012/9/7",2.5269097669463
"2012/9/10",2.55586900564342
"2012/9/11",2.55235106821604
"2012/9/12",2.55064455621666
"2012/9/13",2.54400314537746
"2012/9/14",2.59810256075831
"2012/9/17",2.58737703842304
"2012/9/18",2.57987209775436
"2012/9/19",2.59694909139995
"2012/9/20",2.5752826884933
"2012/9/21",2.59019043502935
"2012/9/24",2.56541899005083
"2012/9/25",2.57145487825508
"2012/9/26",2.57950027505918
"2012/9/27",2.56606978666816
"2012/9/28",2.56472539673706
"2012/10/8",2.53697235676002
"2012/10/9",2.51559980243057
"2012/10/10",2.50228688649727
"2012/10/11",2.49706148123244
"2012/10/12",2.50174797861401
"2012/10/15",2.48715583804788
"2012/10/16",2.47719540643247
"2012/10/17",2.476687546915
"2012/10/18",2.47529888757318
"2012/10/19",2.4544344568535
"2012/10/22",2.4467134434791
"2012/10/23",2.44224031542542
"2012/10/24",2.43210773011047
"2012/10/25",2.43581728777571
"2012/10/26",2.45290311993552
"2012/10/29",2.45039416347438
"2012/10/30",2.44752046544109
"2012/10/31",2.43174263757536
"2012/11/1",2.41453618614097
"2012/11/2",2.41779605380726
"2012/11/5",2.42305606507779
"2012/11/6",2.40995836030425
"2012/11/7",2.39478598132829
"2012/11/8",2.40764594573157
"2012/11/9",2.40669454255766
"2012/11/12",2.42156922148405
"2012/11/13",2.41983650675212
"2012/11/14",2.39510077383948
"2012/11/15",2.40013971064514
"2012/11/16",2.40415715658028
"2012/11/19",2.39610290620751
"2012/11/20",2.39443575023439
"2012/11/21",2.38910047780717
"2012/11/22",2.3892135010076
"2012/11/23",2.38225356809424
"2012/11/26",2.3854452759497
"2012/11/27",2.38978614019732
"2012/11/28",2.38428724211994
"2012/11/29",2.38519790920387
"2012/11/30",2.37818313812579
"2012/12/3",2.37875954377951
"2012/12/4",2.37316304141262
"2012/12/5",2.30267022479129
"2012/12/6",2.29933438398784
"2012/12/7",2.28948858526177
"2012/12/10",2.30556582817627
"2012/12/11",2.2684341759992
"2012/12/12",2.26360086903806
"2012/12/13",2.25577718850647
"2012/12/14",2.25448012994066
"2012/12/17",2.2762565229997
"2012/12/18",2.25980063929017
"2012/12/19",2.2721107822174
"2012/12/20",2.26799423489413
"2012/12/21",2.2687498638793
"2012/12/24",2.2666780558062
"2012/12/25",2.29414684842339
"2012/12/26",2.30744988775174
"2012/12/27",2.30468942658409
"2012/12/28",2.30613824034594
"2012/12/31",2.33732837488445
"2013/1/4",2.34847046980781
"2013/1/7",2.32749776336184
"2013/1/8",2.33727430634276
"2013/1/9",2.32150598776236
"2013/1/10",2.32817279885993
"2013/1/11",2.28744161515502
"2013/1/14",2.33154785264257
"2013/1/15",2.31815475813101
"2013/1/16",2.30702152524808
"2013/1/17",2.31314109407868
"2013/1/18",2.3360317154168
"2013/1/21",2.32202774953429
"2013/1/22",2.32200571925164
"2013/1/23",2.33591789201015
"2013/1/24",2.31632416801691
"2013/1/25",2.32561046396296
"2013/1/28",2.35251875350883
"2013/1/29",2.38341514805446
"2013/1/30",2.39281798752076
"2013/1/31",2.38718441411417
"2013/2/1",2.40162338243402
"2013/2/4",2.42553871118907
"2013/2/5",2.41619683255025
"2013/2/6",2.41304930715687
"2013/2/7",2.40025714662254
"2013/2/8",2.39572584602108
"2013/2/18",2.39528010522657
"2013/2/19",2.39150959199013
"2013/2/20",2.39443492343447
"2013/2/21",2.37249090294051
"2013/2/22",2.35673594020888
"2013/2/25",2.3636435917879
"2013/2/26",2.36397900603919
"2013/2/27",2.34307871148039
"2013/2/28",2.35609595352518
"2013/3/1",2.3819023400147
"2013/3/4",2.38226784613666
"2013/3/5",2.36161732580799
"2013/3/6",2.36248523473744
"2013/3/7",2.36389139562405
"2013/3/8",2.35379313288582
"2013/3/11",2.35706224713034
"2013/3/12",2.37479262651433
"2013/3/13",2.37770527336847
"2013/3/14",2.39716782665379
"2013/3/15",2.36354426321587
"2013/3/18",2.40771921705244
"2013/3/19",2.39158584435411
"2013/3/20",2.37774992721878
"2013/3/21",2.36752284784567
"2013/3/22",2.37757555346722
"2013/3/25",2.37095434156769
"2013/3/26",2.34884690581702
"2013/3/27",2.3479245780894
"2013/3/28",2.35975949216959
"2013/3/29",2.39386496744817
"2013/4/1",2.46811556547514
"2013/4/2",2.41602090336888
"2013/4/3",2.45350079867357
"2013/4/8",2.41610726777084
"2013/4/9",2.40601513657599
"2013/4/10",2.39151687485058
"2013/4/11",2.42138802480069
"2013/4/12",2.4180228403477
"2013/4/15",2.53967799628694
"2013/4/16",2.59329357702828
"2013/4/17",2.62376673882865
"2013/4/18",2.66039725205054
"2013/4/19",2.59009831263369
"2013/4/22",2.65659600982456
"2013/4/23",2.67977344168629
"2013/4/24",2.63244209594298
"2013/4/25",2.61716880723351
"2013/4/26",2.60039213752979
"2013/5/2",2.65362583786712
"2013/5/3",2.59771445342614
"2013/5/6",2.55162154148754
"2013/5/7",2.56076066143853
"2013/5/8",2.5242496012111
"2013/5/9",2.5337054120187
"2013/5/10",2.512884126898
"2013/5/13",2.50238358741626
"2013/5/14",2.50679697690951
"2013/5/15",2.54523439774862
"2013/5/16",2.53886490685778
"2013/5/17",2.51498497892669
"2013/5/20",2.54189866198396
"2013/5/21",2.51478204695878
"2013/5/22",2.50681727388958
"2013/5/23",2.53158048276241
"2013/5/24",2.51908700399081
"2013/5/27",2.52532204989113
"2013/5/28",2.53464403484904
"2013/5/29",2.55655154809941
"2013/5/30",2.5398596243453
"2013/5/31",2.53942074318653
"2013/6/3",2.53461428729739
"2013/6/4",2.52252140409514
"2013/6/5",2.53218270551773
"2013/6/6",2.55568067485552
"2013/6/7",2.55248249881034
"2013/6/13",2.59021589678244
"2013/6/14",2.5880527112403
"2013/6/17",2.55796349318042
"2013/6/18",2.55940534276372
"2013/6/19",2.56101072584793
"2013/6/20",2.61275365954151
"2013/6/21",2.62405008474952
"2013/6/24",2.70548994426475
"2013/6/25",2.68095517101466
"2013/6/26",2.71778446756641
"2013/6/27",2.71269715081801
"2013/6/28",2.70942858884855
"2013/7/1",2.67527436434016
"2013/7/2",2.65248786627168
"2013/7/3",2.65808243582453
"2013/7/4",2.64803148362014
"2013/7/5",2.66168722619653
"2013/7/8",2.69679563788709
"2013/7/9",2.67236825493364
"2013/7/10",2.64778067982062
"2013/7/11",2.58286840911433
"2013/7/12",2.60896049502925
"2013/7/15",2.61785307739624
"2013/7/16",2.6131501383429
"2013/7/17",2.60517042994047
"2013/7/18",2.61555720287475
"2013/7/19",2.62450128232612
"2013/7/22",2.60549884079257
"2013/7/23",2.59040112181197
"2013/7/24",2.59769082948619
"2013/7/25",2.60676045249628
"2013/7/26",2.61710142551885
"2013/7/29",2.6379619341165
"2013/7/30",2.63343188841209
"2013/7/31",2.61623081448264
"2013/8/1",2.59259279422352
"2013/8/2",2.59170209274785
"2013/8/5",2.58340645735995
"2013/8/6",2.58646784873053
"2013/8/7",2.60426939308748
"2013/8/8",2.58486279905317
"2013/8/9",2.56826502206587
"2013/8/12",2.57472432653126
"2013/8/13",2.57487113998194
"2013/8/14",2.55931182470226
"2013/8/15",2.56870129375143
"2013/8/16",2.58551640945889
"2013/8/19",2.57810533812156
"2013/8/20",2.5541083019654
"2013/8/21",2.55669716180088
"2013/8/22",2.55648545780981
"2013/8/23",2.56306033735516
"2013/8/26",2.55195368147066
"2013/8/27",2.5463205191407
"2013/8/28",2.52130974537643
"2013/8/29",2.50727523995936
"2013/8/30",2.49183568790669
"2013/9/2",2.49986941336411
"2013/9/3",2.48968316456776
"2013/9/4",2.48111522370393
"2013/9/5",2.47863285197084
"2013/9/6",2.48401769566358
"2013/9/9",2.49815482626824
"2013/9/10",2.50316889813304
"2013/9/11",2.54234285725596
"2013/9/12",2.51631788512589
"2013/9/13",2.50388372515012
"2013/9/16",2.4820157686155
"2013/9/17",2.43227995862526
"2013/9/18",2.43121916804846
"2013/9/23",2.44603805838295
"2013/9/24",2.44359737719802
"2013/9/25",2.45459382913267
"2013/9/26",2.4626185375415
"2013/9/27",2.45010925320847
"2013/9/30",2.4585931717171
"2013/10/8",2.45331962054892
"2013/10/9",2.44800906811548
"2013/10/10",2.44250656502903
"2013/10/11",2.42668887499154
"2013/10/14",2.42504474332518
"2013/10/15",2.42840394143055
"2013/10/16",2.41085942889282
"2013/10/17",2.40901407857432
"2013/10/18",2.4000132820713
"2013/10/21",2.40640065368591
"2013/10/22",2.44082196859444
"2013/10/23",2.43222653848924
"2013/10/24",2.44513897790628
"2013/10/25",2.44258293759354
"2013/10/28",2.46352709221035
"2013/10/29",2.48241986764649
"2013/10/30",2.46662093989214
"2013/10/31",2.43725105022827
"2013/11/1",2.41972068867892
"2013/11/4",2.41915948373291
"2013/11/5",2.42704517465184
"2013/11/6",2.43525306780363
"2013/11/7",2.45288787984135
"2013/11/8",2.48501325368279
"2013/11/11",2.50777802074365
"2013/11/12",2.48913769813036
"2013/11/13",2.51622715809986
"2013/11/14",2.52462863657614
"2013/11/15",2.50907379964568
"2013/11/18",2.51747221708491
"2013/11/19",2.5274757508443
"2013/11/20",2.50065206630883
"2013/11/21",2.51061144562574
"2013/11/22",2.51324385331682
"2013/11/25",2.55587975699989
"2013/11/26",2.53057976723715
"2013/11/27",2.53254621371837
"2013/11/28",2.53567803647335
"2013/11/29",2.53213322653487
"2013/12/2",2.53467442892024
"2013/12/3",2.54310750728603
"2013/12/4",2.54655004728039
"2013/12/5",2.54290636268085
"2013/12/6",2.54358210995238
"2013/12/9",2.55219390436336
"2013/12/10",2.55220820238137
"2013/12/11",2.52543236678522
"2013/12/12",2.50617438565863
"2013/12/13",2.52158027407426
"2013/12/16",2.52254349920508
"2013/12/17",2.51252506672561
"2013/12/18",2.51934776016851
"2013/12/19",2.53366715097279
"2013/12/20",2.5533904299628
"2013/12/23",2.54989369681148
"2013/12/24",2.55797898132562
"2013/12/25",2.56554776569449
"2013/12/26",2.57672264476071
"2013/12/27",2.57243958288644
"2013/12/30",2.56455877663899
"2013/12/31",2.59370638958067
"2014/1/2",2.5972203002683
"2014/1/3",2.61710203331018
"2014/1/6",2.67632581437685
"2014/1/7",2.70106178102811
"2014/1/8",2.72750648074663
"2014/1/9",2.74067228783971
"2014/1/10",2.72636703504079
"2014/1/13",2.74683105416826
"2014/1/14",2.71749676869158
"2014/1/15",2.72653741762208
"2014/1/16",2.74821572580944
"2014/1/17",2.76180841853932
"2014/1/20",2.767484191427
"2014/1/21",2.79661658271826
"2014/1/22",2.77068726204118
"2014/1/23",2.75163810304458
"2014/1/24",2.72930739823296
"2014/1/27",2.7632033132725
"2014/1/28",2.80022560379462
"2014/1/29",2.77762197021022
"2014/1/30",2.79881638627684
"2014/2/7",2.80957983511244
"2014/2/10",2.76696983675628
"2014/2/11",2.78502838678546
"2014/2/12",2.76296290953144
"2014/2/13",2.7678319756614
"2014/2/14",2.76142847345155
"2014/2/17",2.72198436639678
"2014/2/18",2.73610568145425
"2014/2/19",2.72466563460754
"2014/2/20",2.73466181372718
"2014/2/21",2.72724798107232
"2014/2/24",2.78737043105405
"2014/2/25",2.80757649905586
"2014/2/26",2.80381750797963
"2014/2/27",2.79416468081196
"2014/2/28",2.79044083983452
"2014/3/3",2.81044197043117
"2014/3/4",2.79176975240527
"2014/3/5",2.79077681675814
"2014/3/6",2.86570540205593
"2014/3/7",2.92515712743927
"2014/3/10",3.03006283422397
"2014/3/11",2.97096462234858
"2014/3/12",2.97627332058811
"2014/3/13",2.98130664014541
"2014/3/14",2.99973931415569
"2014/3/17",2.99411365316073
"2014/3/18",2.96112938572757
"2014/3/19",2.96349374464374
"2014/3/20",2.98582083359531
"2014/3/21",2.96250379825922
"2014/3/24",2.95192356234584
"2014/3/25",3.05194252287831
"2014/3/26",3.04507352022098
"2014/3/27",3.03911886917665
"2014/3/28",3.02417355382202
"2014/3/31",3.01961236812716
"2014/4/1",3.03822445873573
"2014/4/2",3.03682519639734
"2014/4/3",3.04044250123519
"2014/4/4",3.03094979050973
"2014/4/8",3.00864733839068
"2014/4/9",3.0089853359392
"2014/4/10",3.00439647373614
"2014/4/11",2.98391658207954
"2014/4/14",2.97767941300117
"2014/4/15",2.97191917936922
"2014/4/16",2.96932739083666
"2014/4/17",2.9733120450398
"2014/4/18",2.9837765478645
"2014/4/21",2.98067624737869
"2014/4/22",2.9766225867418
"2014/4/23",2.9577782724179
"2014/4/24",2.94458787926751
"2014/4/25",2.93536448536973
"2014/4/28",2.95638862575478
"2014/4/29",2.93709654812443
"2014/4/30",2.95508422253885
"2014/5/5",2.94397063510559
"2014/5/6",2.95994237426073
"2014/5/7",2.97665404227596
"2014/5/8",2.98227315393208
"2014/5/9",2.97946228167107
"2014/5/12",2.95401055120773
"2014/5/13",2.94983063727106
"2014/5/14",2.93815708118113
"2014/5/15",2.95360993685855
"2014/5/16",2.98478250387078
"2014/5/19",2.98649748954354
"2014/5/20",3.01152173352872
"2014/5/21",3.00056647980046
"2014/5/22",2.99738941182842
"2014/5/23",2.98762587007662
"2014/5/26",2.96408051762617
"2014/5/27",2.95830180644985
"2014/5/28",2.99498064996934
"2014/5/29",3.01351737817867
"2014/5/30",3.04311815109309
"2014/6/3",3.06582684120874
"2014/6/4",3.07785704306282
"2014/6/5",3.0334428628743
"2014/6/6",3.02587151618183
"2014/6/9",3.05513320372103
"2014/6/10",3.0485847899742
"2014/6/11",3.07044806070258
"2014/6/12",3.0825680580405
"2014/6/13",3.04857444315234
"2014/6/16",3.06502277884866
"2014/6/17",3.04154546027461
"2014/6/18",3.03197291103137
"2014/6/19",3.02494149678586
"2014/6/20",3.02623167700536
"2014/6/23",3.01168134322795
"2014/6/24",3.00676683707087
"2014/6/25",2.99803285796393
"2014/6/26",2.98887057459726
"2014/6/27",2.9907982414043
"2014/6/30",2.9988699650772
"2014/7/1",3.003235485002
"2014/7/2",2.97716290645184
"2014/7/3",3.00050913194923
"2014/7/4",3.00634021104194
"2014/7/7",3.01169344863302
"2014/7/8",3.00820110923346
"2014/7/9",3.00738872465853
"2014/7/10",3.00834435459698
"2014/7/11",3.0454837283688
"2014/7/14",3.03327161442722
"2014/7/15",3.03638142449446
"2014/7/16",3.04145273880344
"2014/7/17",3.04229118494158
"2014/7/18",3.04729434113527
"2014/7/21",3.04203990476954
"2014/7/22",3.04856654569491
"2014/7/23",3.07735184132198
"2014/7/24",3.08575174307356
"2014/7/25",3.12086700958157
"2014/7/28",3.1359549923281
"2014/7/29",3.11922979629118
"2014/7/30",3.09863873767274
"2014/7/31",3.11538512851455
"2014/8/1",3.12578603145122
"2014/8/4",3.09602763952775
"2014/8/5",3.09329582516366
"2014/8/6",3.08253416907516
"2014/8/7",3.06199607449555
"2014/8/8",3.05827738484049
"2014/8/11",3.07003822510193
"2014/8/12",3.10813493104293
"2014/8/13",3.09599532442668
"2014/8/14",3.12069033472076
"2014/8/15",3.10278682774927
"2014/8/18",3.11627557208677
"2014/8/19",3.11974308701634
"2014/8/20",3.13699651848391
"2014/8/21",3.12526992136938
"2014/8/22",3.12982099180357
"2014/8/25",3.1296253510322
"2014/8/26",3.11961028758131
"2014/8/27",3.10804702790454
"2014/8/28",3.12814063456719
"2014/8/29",3.1199832267051
"2014/9/1",3.14101926225892
"2014/9/2",3.14979356047654
"2014/9/3",3.19114974235548
"2014/9/4",3.22220249245149
"2014/9/5",3.26087347593964
"2014/9/9",3.27332009417362
"2014/9/10",3.2790033533674
"2014/9/11",3.30857191864967
"2014/9/12",3.29833470146915
"2014/9/15",3.25523348893605
"2014/9/16",3.2523604428905
"2014/9/17",3.22842621060133
"2014/9/18",3.25169992647075
"2014/9/19",3.32774310358844
"2014/9/22",3.42882274564814
"2014/9/23",3.39818958518725
"2014/9/24",3.38967928062597
"2014/9/25",3.39672398006067
"2014/9/26",3.33814007118437
"2014/9/29",3.36729514842288
"2014/9/30",3.34896936386318
"2014/10/8",3.37444551851275
"2014/10/9",3.33299713335169
"2014/10/10",3.3716882831306
"2014/10/13",3.3260065450506
"2014/10/14",3.31986717988749
"2014/10/15",3.32938864210825
"2014/10/16",3.34639282086113
"2014/10/17",3.35589561893051
"2014/10/20",3.36201146097107
"2014/10/21",3.35018185842247
"2014/10/22",3.33367487757367
"2014/10/23",3.31562657598496
"2014/10/24",3.29943662420917
"2014/10/27",3.30740730242382
"2014/10/28",3.30832686930188
"2014/10/29",3.2778417432739
"2014/10/30",3.28400792941863
"2014/10/31",3.32431239417459
"2014/11/3",3.36018851976537
"2014/11/4",3.37487765761412
"2014/11/5",3.44130554942364
"2014/11/6",3.41233817753735
"2014/11/7",3.39279314986837
"2014/11/10",3.37525045798966
"2014/11/11",3.37798766482629
"2014/11/12",3.35555320697614
"2014/11/13",3.34714114051397
"2014/11/14",3.36384980785114
"2014/11/17",3.32861962769273
"2014/11/18",3.35485181269722
"2014/11/19",3.3382174569284
"2014/11/20",3.33483516034399
"2014/11/21",3.34367272673159
"2014/11/24",3.38128016796491
"2014/11/25",3.37277775634859
"2014/11/26",3.40130289782936
"2014/11/27",3.36079574171134
"2014/11/28",3.40583955152718
"2014/12/1",3.45181169062099
"2014/12/2",3.41907739942542
"2014/12/3",3.41492058604749
"2014/12/4",3.41870613598734
"2014/12/5",3.41802788469475
"2014/12/8",3.46543861164794
"2014/12/9",3.44864296218838
"2014/12/10",3.44235000484442
"2014/12/11",3.44090574515908
"2014/12/12",3.42310435674522
"2014/12/15",3.41278408594363
"2014/12/16",3.44487928298716
"2014/12/17",3.48101442775006
"2014/12/18",3.50466156971772
"2014/12/19",3.49205583482867
"2014/12/22",3.48318383221144
"2014/12/23",3.51012537946803
"2014/12/24",3.47229838359354
"2014/12/25",3.49407489092134
"2014/12/26",3.50605589001488
"2014/12/29",3.46831533253749
"2014/12/30",3.42375565635481
"2014/12/31",3.4045369007568
"2015/1/5",3.43686641459293
"2015/1/6",3.42418456163663
"2015/1/7",3.42276777099063
"2015/1/8",3.40771233322363
"2015/1/9",3.42796023715686
"2015/1/12",3.45576065639175
"2015/1/13",3.49233691817898
"2015/1/14",3.53515995498424
"2015/1/15",3.50094446342014
"2015/1/16",3.51617797576738
"2015/1/19",3.47479038980069
"2015/1/20",3.49469098969268
"2015/1/21",3.51011544855459
"2015/1/22",3.50461287405754
"2015/1/23",3.5218659485285
"2015/1/26",3.56737555370709
"2015/1/27",3.54228989157776
"2015/1/28",3.51773580637369
"2015/1/29",3.51028425028757
"2015/1/30",3.50724000655473
"2015/2/2",3.50212266815113
"2015/2/3",3.47180983479993
"2015/2/4",3.47193652098212
"2015/2/5",3.46183137172041
"2015/2/6",3.45209832683094
"2015/2/9",3.45587210425268
"2015/2/10",3.46667336187987
"2015/2/11",3.47729116694693
"2015/2/12",3.47989393360039
"2015/2/13",3.45441924343177
"2015/2/16",3.45874776851462
"2015/2/17",3.45823822673078
"2015/2/25",3.45354550407562
"2015/2/26",3.45209756743152
"2015/2/27",3.45546149251079
"2015/3/2",3.45081600206328
"2015/3/3",3.41478426547162
"2015/3/4",3.42453104847494
"2015/3/5",3.4149764166134
"2015/3/6",3.4208597305577
"2015/3/9",3.41583682993858
"2015/3/10",3.43265805773738
"2015/3/11",3.43601645442258
"2015/3/12",3.4321034496624
"2015/3/13",3.4173091917976
"2015/3/16",3.41506255556416
"2015/3/17",3.43285545254923
"2015/3/18",3.44709730251003
"2015/3/19",3.42699501652533
"2015/3/20",3.4437791101116
"2015/3/23",3.41883745180648
"2015/3/24",3.49472933516614
"2015/3/25",3.53128648537669
"2015/3/26",3.72302200528809
"2015/3/27",3.71408946741989
"2015/3/30",3.81605390308605
"2015/3/31",3.8912400203394
"2015/4/1",3.87952429129891
"2015/4/2",3.85002728440773
"2015/4/3",3.86804945204922
"2015/4/7",3.89972751913454
"2015/4/8",3.97852453601913
"2015/4/9",3.99073457700733
"2015/4/10",4.07251244174068
"2015/4/13",3.96862371371169
"2015/4/14",3.99832504740036
"2015/4/15",3.95527228813358
"2015/4/16",3.95605847107261
"2015/4/17",3.98042809003376
"2015/4/20",3.97256963065706
"2015/4/21",3.83132555137873
"2015/4/22",3.78799726820378
"2015/4/23",3.76866025880159
"2015/4/24",3.72094665664946
"2015/4/27",3.73769845308791
"2015/4/28",3.69363738121231
"2015/4/29",3.69537761126134
"2015/4/30",3.72209720776965
"2015/5/4",3.73076868040625
"2015/5/5",3.69812506794989
"2015/5/6",3.71727344288198
"2015/5/7",3.67130089161835
"2015/5/8",3.64804756004896
"2015/5/11",3.66894376228892
"2015/5/12",3.6438306282309
"2015/5/13",3.65986057292402
"2015/5/14",3.63547534739637
"2015/5/15",3.62409144439797
"2015/5/18",3.62766687671895
"2015/5/19",3.62087346346785
"2015/5/20",3.58508850185044
"2015/5/21",3.58710446700426
"2015/5/22",3.586466086182
"2015/5/25",3.62148639172321
"2015/5/26",3.6814460960799
"2015/5/27",3.68145520257584
"2015/5/28",3.65583939618339
"2015/5/29",3.65891642521703
"2015/6/1",3.7144827499584
"2015/6/2",3.68239711484926
"2015/6/3",3.65064105984409
"2015/6/4",3.67780268339159
"2015/6/5",3.66339111126424
"2015/6/8",3.66370604538777
"2015/6/9",3.64420930996248
"2015/6/10",3.66634605063392
"2015/6/11",3.68757783205294
"2015/6/12",3.72341600115669
"2015/6/15",3.74260828925334
"2015/6/16",3.6850821420938
"2015/6/17",3.70165901244075
"2015/6/18",3.65947235011702
"2015/6/19",3.65600639270529
"2015/6/23",3.64141930650811
"2015/6/24",3.64384084357755
"2015/6/25",3.66006951906789
"2015/6/26",3.67716180382312
"2015/6/29",3.70390244310232
"2015/6/30",3.70494388762104
"2015/7/1",3.6985183098729
"2015/7/2",3.6705961528536
"2015/7/3",3.65878426286656
"2015/7/6",3.70840055723988
"2015/7/7",3.80616682892714
"2015/7/8",4.0676725382389
"2015/7/9",3.80293288663472
"2015/7/10",3.75592203899257
"2015/7/13",3.78574326680007
"2015/7/14",3.80468456179077
"2015/7/15",3.80498230410813
"2015/7/16",3.80290893376007
"2015/7/17",3.77722649163499
"2015/7/20",3.76813476712535
"2015/7/21",3.78769173646466
"2015/7/22",3.82777897283192
"2015/7/23",3.81681198900219
"2015/7/24",3.86380089257629
"2015/7/27",3.90605082563105
"2015/7/28",3.89812936711299
"2015/7/29",3.83427286082007
"2015/7/30",3.86827321937169
"2015/7/31",3.86007986673639
"2015/8/3",3.89980660686696
"2015/8/4",3.86104782498662
"2015/8/5",3.86151624602782
"2015/8/6",3.89755325853799
"2015/8/7",3.87936561506876
"2015/8/10",3.86103026901028
"2015/8/11",3.81273424489759
"2015/8/12",3.76887469040195
"2015/8/13",3.72505192724675
"2015/8/14",3.73442287468367
"2015/8/17",3.7424917410097
"2015/8/18",3.75696757973962
"2015/8/19",3.74997064306783
"2015/8/20",3.77788629338177
"2015/8/21",3.79084855696782
"2015/8/24",3.91886455829874
"2015/8/25",3.96329944958281
"2015/8/26",3.97476172749064
"2015/8/27",3.89111665034416
"2015/8/28",3.82411935934156
"2015/8/31",3.89218459828952
"2015/9/1",3.88928417347095
"2015/9/2",3.89240532852623
"2015/9/7",3.867668756233
"2015/9/8",3.81398766663364
"2015/9/9",3.79126623856187
"2015/9/10",3.77729263911489
"2015/9/11",3.76997267315508
"2015/9/14",3.80744173860074
"2015/9/15",3.83436607911946
"2015/9/16",3.78776695522075
"2015/9/17",3.7860536510994
"2015/9/18",3.79809068306885
"2015/9/21",3.79480100738987
"2015/9/22",3.8093742470579
"2015/9/23",3.80827215717734
"2015/9/24",3.81321843976044
"2015/9/25",3.82034672415448
"2015/9/28",3.85390736537283
"2015/9/29",3.89541051276114
"2015/9/30",3.88885389818047
"2015/10/8",3.86014158132548
"2015/10/9",3.85116975392742
"2015/10/12",3.86157422942534
"2015/10/13",3.89513026339804
"2015/10/14",3.9119927433581
"2015/10/15",3.90561230194454
"2015/10/16",3.89034024879024
"2015/10/19",3.91444279191846
"2015/10/20",3.95985532592863
"2015/10/21",3.95551928140457
"2015/10/22",3.96274047334163
"2015/10/23",3.96375698550299
"2015/10/26",3.99410016414869
"2015/10/27",4.01059106623031
"2015/10/28",4.02427655829113
"2015/10/29",3.98952928109424
"2015/10/30",4.01063532275307
"2015/11/2",4.00215412715368
"2015/11/3",4.01132639982088
"2015/11/4",3.98874094799454
"2015/11/5",4.02790143875425
"2015/11/6",4.02071641082336
"2015/11/9",4.00374589883661
"2015/11/10",4.02384335300761
"2015/11/11",4.06759447189602
"2015/11/12",4.04673187103627
"2015/11/13",4.05296874104456
"2015/11/16",4.08204976630695
"2015/11/17",4.10961896224782
"2015/11/18",4.13062557148084
"2015/11/19",4.21986855041759
"2015/11/20",4.20644002733712
"2015/11/23",4.26991497972292
"2015/11/24",4.21260539882963
"2015/11/25",4.17575159358519
"2015/11/26",4.13001594414091
"2015/11/27",4.12987085701006
"2015/11/30",4.1692372505636
"2015/12/1",4.12909610557461
"2015/12/2",4.13498753841072
"2015/12/3",4.1847306217095
"2015/12/4",4.15001081041884
"2015/12/7",4.11116940136933
"2015/12/8",4.15644001784529
"2015/12/9",4.12950797145619
"2015/12/10",4.13059425490886
"2015/12/11",4.10630916948018
"2015/12/14",4.08775652376967
"2015/12/15",4.09606773479953
"2015/12/16",4.08037846878132
"2015/12/17",4.09612315101601
"2015/12/18",4.09670572195357
"2015/12/21",4.09455454271276
"2015/12/22",4.09210691972832
"2015/12/23",4.09133990820861
"2015/12/24",4.09983582869497
"2015/12/25",4.10237513136358
"2015/12/28",4.07025581186649
"2015/12/29",4.05975833667237
"2015/12/30",4.06169606060913
"2015/12/31",4.05688000943395
"2016/1/4",4.00430579978767
"2016/1/5",3.99298963401299
"2016/1/6",3.97932767015388
"2016/1/7",3.97057648437535
"2016/1/8",3.96620886982237
"2016/1/11",3.99784442857138
"2016/1/12",4.01319639812829
"2016/1/13",4.01220854298978
"2016/1/14",3.96912052825221
"2016/1/15",3.99908272179585
"2016/1/18",3.95386741952596
"2016/1/19",3.91462318567546
"2016/1/20",3.91714622731017
"2016/1/21",3.93866661748723
"2016/1/22",3.92473049437908
"2016/1/25",3.90011231505606
"2016/1/26",3.93519470259001
"2016/1/27",3.94967623663337
"2016/1/28",3.93740743628383
"2016/1/29",3.92900667306159
"2016/2/1",3.94127274082894
"2016/2/2",3.91084680951262
"2016/2/3",3.92508699976773
"2016/2/4",3.96535295801697
"2016/2/5",3.96256428190234
"2016/2/15",4.05147105827926
"2016/2/16",4.00236243558899
"2016/2/17",3.98177486300728
"2016/2/18",3.99520863959991
"2016/2/19",4.0260347166698
"2016/2/22",4.05014628526979
"2016/2/23",4.04049996420546
"2016/2/24",4.04678955910302
"2016/2/25",4.07575956038239
"2016/2/26",4.0684770410392
"2016/2/29",4.10930939461583
"2016/3/1",4.09573449216194
"2016/3/2",4.0622539204739
"2016/3/3",4.04258669448002
"2016/3/4",4.07339570447278
"2016/3/7",4.11908863080587
"2016/3/8",4.14555425923183
"2016/3/9",4.08395363741279
"2016/3/10",4.09013469214536
"2016/3/11",4.10866297716016
"2016/3/14",4.07618897533819
"2016/3/15",4.04496059126025
"2016/3/16",4.08707020140215
"2016/3/17",4.11660608762558
"2016/3/18",4.14365174671314
"2016/3/21",4.11627461499143
"2016/3/22",4.11786899287629
"2016/3/23",4.1036506199984
"2016/3/24",4.05118326848417
"2016/3/25",4.09430596205871
"2016/3/28",4.05171476351272
"2016/3/29",4.06908294246912
"2016/3/30",4.06407193694306
"2016/3/31",4.07170171383151
"2016/4/1",4.12486108820185
"2016/4/5",4.10166432671864
"2016/4/6",4.06863142034072
"2016/4/7",4.07168119947944
"2016/4/8",4.05894365084654
"2016/4/11",4.09542500617847
"2016/4/12",4.12751337644293
"2016/4/13",4.14597349374771
"2016/4/14",4.15109182341201
"2016/4/15",4.10106516046227
"2016/4/18",4.1596547880954
"2016/4/19",4.21713516599414
"2016/4/20",4.2740064946889
"2016/4/21",4.41569739185847
"2016/4/22",4.29882054631239
"2016/4/25",4.33100067634461
"2016/4/26",4.28146508347554
"2016/4/27",4.26079149314415
"2016/4/28",4.20592267542309
"2016/4/29",4.23752840000515
"2016/5/3",4.23495248036753
"2016/5/4",4.1797138984728
"2016/5/5",4.15646999718285
"2016/5/6",4.08432521602193
"2016/5/9",4.09181809319699
"2016/5/10",4.08275755719295
"2016/5/11",4.10026713778655
"2016/5/12",4.10625106534245
"2016/5/13",4.06470860237308
"2016/5/16",4.05210712349016
"2016/5/17",4.05641878986536
"2016/5/18",4.03864910228312
"2016/5/19",4.04491123466208
"2016/5/20",4.06084747479859
"2016/5/23",4.04339250952303
"2016/5/24",4.03568183541182
"2016/5/25",4.03022324703581
"2016/5/26",4.01486308827628
"2016/5/27",4.01211603865184
"2016/5/30",4.01760426410037
"2016/5/31",4.01084157009477
"2016/6/1",3.99925397358686
"2016/6/2",3.9934427524193
"2016/6/3",3.98788389578878
"2016/6/6",3.97474402528668
"2016/6/7",3.97923495863754
"2016/6/8",3.96868981445959
"2016/6/13",3.98184615891453
"2016/6/14",3.97179505974838
"2016/6/15",3.96731577936038
"2016/6/16",3.97913937382253
"2016/6/17",3.97493935706316
"2016/6/20",3.98856191540125
"2016/6/21",3.98993074691011
"2016/6/22",3.99636131471146
"2016/6/23",3.98955032918943
"2016/6/24",3.99928585552011
"2016/6/27",4.06009100340117
"2016/6/28",4.06810278019645
"2016/6/29",4.08313084548103
"2016/6/30",4.15205161223082
"2016/7/1",4.1866832105469
"2016/7/4",4.29678745722132
"2016/7/5",4.2387866641966
"2016/7/6",4.20787869426568
"2016/7/7",4.20923463159101
"2016/7/8",4.17234225509896
"2016/7/11",4.19166084020368
"2016/7/12",4.24933589234154
"2016/7/13",4.24994124209493
"2016/7/14",4.25942895018247
"2016/7/15",4.26904591317858
"2016/7/18",4.20146870936965
"2016/7/19",4.19684050183364
"2016/7/20",4.20252097888264
"2016/7/21",4.23806255230198
"2016/7/22",4.19742419400574
"2016/7/25",4.20201307989378
"2016/7/26",4.23190682749182
"2016/7/27",4.20967751806837
"2016/7/28",4.24814563843652
"2016/7/29",4.22126796413794
"2016/8/1",4.23151525754417
"2016/8/2",4.24939312671502
"2016/8/3",4.24911433756369
"2016/8/4",4.22890926976578
"2016/8/5",4.28570678423271
"2016/8/8",4.31172199996331
"2016/8/9",4.31859508338803
"2016/8/10",4.32368819980204
"2016/8/11",4.32061220919887
"2016/8/12",4.34888135023502
"2016/8/15",4.36541911973942
"2016/8/16",4.36976174745265
"2016/8/17",4.34533703739628
"2016/8/18",4.35201465796599
"2016/8/19",4.34066062557542
"2016/8/22",4.33113889490503
"2016/8/23",4.32008868286202
"2016/8/24",4.31157799032419
"2016/8/25",4.27966930733261
"2016/8/26",4.29146211259198
"2016/8/29",4.26694662848459
"2016/8/30",4.25287102344262
"2016/8/31",4.2533582749092
"2016/9/1",4.2513078240166
"2016/9/2",4.26686086650044
"2016/9/5",4.28131362131532
"2016/9/6",4.28540333623032
"2016/9/7",4.25104648892169
"2016/9/8",4.25066629345891
"2016/9/9",4.23842465964811
"2016/9/12",4.16896235672142
"2016/9/13",4.1688952675979
"2016/9/14",4.1659084702616
"2016/9/19",4.16818126500155
"2016/9/20",4.17862282374774
"2016/9/21",4.18757878356091
"2016/9/22",4.19950675091958
"2016/9/23",4.22670062267645
"2016/9/26",4.23160255608138
"2016/9/27",4.24650344005306
"2016/9/28",4.24437225169396
"2016/9/29",4.25889750648209
"2016/9/30",4.26752588700477
"2016/10/10",4.3508675457346
"2016/10/11",4.3515737581743
"2016/10/12",4.33952191839745
"2016/10/13",4.33711920333201
"2016/10/14",4.3671133103254
"2016/10/17",4.38547991080021
"2016/10/18",4.41354516401764
"2016/10/19",4.4205716282054
"2016/10/20",4.43844678240005
"2016/10/21",4.45117092788872
"2016/10/24",4.49159971857206
"2016/10/25",4.54308005281711
"2016/10/26",4.51009141810814
"2016/10/27",4.50885986601024
"2016/10/28",4.57185289583129
"2016/10/31",4.56703753103541
"2016/11/1",4.58359129338138
"2016/11/2",4.51879636810324
"2016/11/3",4.59660755341367
"2016/11/4",4.59769961160332
"2016/11/7",4.6724749290344
"2016/11/8",4.68320635978716
"2016/11/9",4.74062484479372
"2016/11/10",4.82040648549
"2016/11/11",4.9440952399282
"2016/11/14",4.81270387046038
"2016/11/15",4.7279746612359
"2016/11/16",4.77016261277245
"2016/11/17",4.7540325134596
"2016/11/18",4.73262748848788
"2016/11/21",4.78111423191688
"2016/11/22",4.88988419567412
"2016/11/23",4.84675139810747
"2016/11/24",4.89414536924528
"2016/11/25",4.96281070484439
"2016/11/28",5.06447910661557
"2016/11/29",5.07040319412264
"2016/11/30",4.99147319293047
"2016/12/1",5.12428491610749
"2016/12/2",5.07014472062712
"2016/12/5",5.09781014091686
"2016/12/6",5.12698786899622
"2016/12/7",5.19161738596331
"2016/12/8",5.14072791507365
"2016/12/9",5.14889929933255
"2016/12/12",5.20241017052986
"2016/12/13",5.23289715302575
"2016/12/14",5.20232171396244
"2016/12/15",5.34675697047616
"2016/12/16",5.23985507065128
"2016/12/19",5.23780070656039
"2016/12/20",5.20859102044241
"2016/12/21",5.13645979373726
"2016/12/22",5.07342628803135
"2016/12/23",5.0806833191549
"2016/12/26",5.05350954221391
"2016/12/27",5.07065108619378
"2016/12/28",5.05819822009345
"2016/12/29",5.02280487584252
"2016/12/30",5.00608378980927
"2017/1/3",5.00284863545106
"2017/1/4",5.0003561168424
"2017/1/5",4.98685882626061
"2017/1/6",4.98722339097803
"2017/1/9",4.98038562527453
"2017/1/10",4.97911134309528
"2017/1/11",4.96669349845788
"2017/1/12",4.95946675725683
"2017/1/13",4.95648688244646
"2017/1/16",5.01475534075971
"2017/1/17",4.9657291462183
"2017/1/18",4.97755534799957
"2017/1/19",4.9569524868737
"2017/1/20",4.92378893095987
"2017/1/23",4.93011603336796
"2017/1/24",4.96592669152539
"2017/1/25",4.99047851704388
"2017/1/26",5.01849360526765
"2017/2/3",4.97533276402955
"2017/2/6",4.98637044321568
"2017/2/7",4.97148141316037
"2017/2/8",4.97769392218699
"2017/2/9",4.96275981520206
"2017/2/10",5.00116757775756
"2017/2/13",5.03567075212125
"2017/2/14",5.03461942157536
"2017/2/15",4.97384741275267
"2017/2/16",4.95268258604224
"2017/2/17",4.93807019199717
"2017/2/20",4.98675940091187
"2017/2/21",4.99006760279789
"2017/2/22",4.96207159561933
"2017/2/23",4.93710572914084
"2017/2/24",4.95345935456213
"2017/2/27",4.96298612449964
"2017/2/28",4.94994860655801
"2017/3/1",4.95060762237089
"2017/3/2",4.9357150545949
"2017/3/3",4.89904586972448
"2017/3/6",4.90623825668253
"2017/3/7",4.9082684233977
"2017/3/8",4.88988874546124
"2017/3/9",4.88273799834902
"2017/3/10",4.89842380618127
"2017/3/13",4.88036824698257
"2017/3/14",4.88744355407864
"2017/3/15",4.87965658964114
"2017/3/16",4.89273412711305
"2017/3/17",4.84707945459756
"2017/3/20",4.85577100743415
"2017/3/21",4.87216641509087
"2017/3/22",4.8831646927751
"2017/3/23",4.89136111246842
"2017/3/24",4.9465355705628
"2017/3/27",4.97940870582775
"2017/3/28",4.95780122410219
"2017/3/29",4.91381437144987
"2017/3/30",4.934308100761
"2017/3/31",4.95693047699238
"2017/4/5",4.97281289854294
"2017/4/6",4.97558183116988
"2017/4/7",5.01780497469485
"2017/4/10",4.97115391775592
"2017/4/11",4.96940895276135
"2017/4/12",4.98273888579791
"2017/4/13",4.97270674223333
"2017/4/14",4.96473720654687
"2017/4/17",4.93718357317807
"2017/4/18",4.96192794320528
"2017/4/19",4.95444896408034
"2017/4/20",4.92351831757207
"2017/4/21",4.90694733648142
"2017/4/24",4.92154549838482
"2017/4/25",4.91124186298436
"2017/4/26",4.88731019644258
"2017/4/27",4.86566326962327
"2017/4/28",4.83219311899799
"2017/5/2",4.78397557445042
"2017/5/3",4.8043886519026
"2017/5/4",4.88542061157745
"2017/5/5",4.92053522738697
"2017/5/8",4.93948040704551
"2017/5/9",4.92832714669825
"2017/5/10",4.97819369814678
"2017/5/11",4.89459557673644
"2017/5/12",4.91890364589113
"2017/5/15",4.84522678151973
"2017/5/16",4.83359404402637
"2017/5/17",4.78084996986424
"2017/5/18",4.7849798698855
"2017/5/19",4.77539874632016
"2017/5/22",4.79146116005331
"2017/5/23",4.80599934990537
"2017/5/24",4.78407154684249
"2017/5/25",4.81351732023191
"2017/5/26",4.84421626620616
"2017/5/31",4.90199278702403
"2017/6/1",4.88445512081832
"2017/6/2",4.87739478192641
"2017/6/5",4.83304999944728
"2017/6/6",4.83853120435935
"2017/6/7",4.84472863705363
"2017/6/8",4.84568701001409
"2017/6/9",4.83127860765699
"2017/6/12",4.8043755265541
"2017/6/13",4.82936437602502
"2017/6/14",4.76917000057608
"2017/6/15",4.77713786600514
"2017/6/16",4.75919675815049
"2017/6/19",4.77608302242399
"2017/6/20",4.7612450473519
"2017/6/21",4.77154761287153
"2017/6/22",4.7824118287434
"2017/6/23",4.77007280046538
"2017/6/26",4.78468670639479
"2017/6/27",4.80211997931056
"2017/6/28",4.7971811093685
"2017/6/29",4.79992813038562
"2017/6/30",4.81158678488895
"2017/7/3",4.79208694453723
"2017/7/4",4.76532917552806
"2017/7/5",4.80415489678585
"2017/7/6",4.79492725681674
"2017/7/7",4.80200194486722
"2017/7/10",4.82830501323093
"2017/7/11",4.85493635836967
"2017/7/12",4.82059021040798
"2017/7/13",4.84538565796605
"2017/7/14",4.82406900092497
"2017/7/17",4.8257673632691
"2017/7/18",4.80004896883326
"2017/7/19",4.84954598177752
"2017/7/20",4.82626303809254
"2017/7/21",4.80668081065325
"2017/7/24",4.79856695633594
"2017/7/25",4.81856752785311
"2017/7/26",4.826715189159
"2017/7/27",4.83356705887777
"2017/7/28",4.83001516152153
"2017/7/31",4.91456043953547
"2017/8/1",4.89507204654221
"2017/8/2",4.89575390570674
"2017/8/3",4.86306819780886
"2017/8/4",4.87039439004294
"2017/8/7",4.91460120004269
"2017/8/8",4.91272481709399
