Risk Budget1,Risk Budget2,Risk Budget3
0.02,0.0222,0.025
0.02,0.0222,0.025
0.02,0.0222,0.025
0.02,0.0222,0.025
0.02,0.0222,0.025
0.02,0.0222,0.025
0.02,0.0222,0.025
0.02,0.0222,0.025
0.02,0.0222,0.025
0.02,0.0222,0.025
0.0333,0.037,0.0417
0.0333,0.037,0.0417
0.0333,0.037,0.0417
0.0333,0.037,0.0417
0.0333,0.037,0.0417
0.0333,0.037,0.0417
0.0286,0.0317,0.0357
0.0286,0.0317,0.0357
0.0286,0.0317,0.0357
0.0286,0.0317,0.0357
0.0286,0.0317,0.0357
0.0286,0.0317,0.0357
0.0286,0.0317,0.0357
0.0111,0.0093,0.0069
0.0111,0.0093,0.0069
0.0111,0.0093,0.0069
0.0111,0.0093,0.0069
0.0111,0.0093,0.0069
0.0111,0.0093,0.0069
0.0111,0.0093,0.0069
0.0111,0.0093,0.0069
0.0111,0.0093,0.0069
0.08,0.0667,0.05
0.02,0.0167,0.0125
0.08,0.0667,0.05
0.02,0.0167,0.0125
0.025,0.0208,0.0156
0.025,0.0208,0.0156
0.025,0.0208,0.0156
0.025,0.0208,0.0156
